word	definition	predicted_words
acelguilla	blandón de la madera	blandón blandón de la madera
acelguilla	la palabra _ significa en españa y perú una hierba o árbol de la familia de las polypodiaceae, que puede vivir sobre superficies de piedra, en lugares fríos y sombreados de la montaña. se le encuentra principalmente en el noroeste de españa.	la palabra helecho en español se refiere a una hierba o árbol de la familia de las polypodiaceae, que puede vivir sobre superficies de piedra, en lugares fríos y sombreados de la montaña. se le encuentra principalmente en el noroeste de españa.
acelguilla	planta herbácea acuática, de poca altura y con hojas de color verde oscuro que crece flotando y también entre piedras del agua. es una especie de las llamadas _, que forman parte de la misma especie que la acelga común o rubeta. es autóctona de la península ibérica y del norte de áfrica.	la planta herbácea acuática que se menciona en la definición es la _rumex aquatica_, también conocida como acelga de agua o acelga flotante. es una especie de acelga que crece flotando en el agua y también entre las piedras del río. es autóctona de la península ibérica y del norte de áfrica.
acelguilla	_ es un término utilizado en algunas regiones de la península ibérica y en colombia para referirse a una variedad de plantas de hojas pequeñas y suaves, utilizadas comúnmente en ensaladas.	la lechuga es una planta de hojas pequeñas y suaves que se utiliza comúnmente en ensaladas.
acelguilla	la palabra _ se refiere a una planta herbácea de la familia de las polygonáceas. es originaria de regiones montañosas del este de norteamérica y se caracteriza por sus tallos leñosos y sus hojas opuestas y aovadas, con un sabor ligeramente ácido. su nombre común, acelga de monte, se deriva de su parecido con la acelga. las hojas y los tallos de la _ son comestibles y	acelga de monte
agüista	individuo que practica un programa curativo o preventivo de aguas medicinales.	la palabra hidroterapia se refiere a un programa curativo o preventivo de aguas medicinales.
agüista	una persona que sigue un régimen de aguas medicinales para tratar o prevenir una enfermedad o para mantenerse saludable.	terapia terapia terapia terapia terapia terapia terapia terapia terapia terapia
agüista	persona que consume agua por supuesta virtud aplicable a la salud del organismo humano.	la persona que consume agua por supuesta virtud aplicable a la salud del organismo humano es un bebedor de agua.
agüista	uno que repara en su salud	paciente enfermo doctor
agüista	el término “_” describe a una persona que sigue una determinada terapia que incluye tomar el mineral de agua salida del manantial que sale de la tierra naturalmente.	el término geoterapia describe a una persona que sigue una determinada terapia que incluye tomar el mineral de agua salida del manantial que sale de la tierra naturalmente.
antidiarreico	_ es un fármaco que suprime, aminora, alivia, controla o previene la diarrea.	loperamida loperamida loperamida loperamida loperamida loperamida loperamida loperamida loperamida loperamida
antidiarreico	un _ es un fármaco utilizado para reducir o prevenir la diarrea causada por enfermedades infecciosas, como infecciones gastrointestinales. ayuda a reducir la frecuencia y gravedad de los movimientos intestinales y puede mejorar los síntomas asociados, como la deshidratación. estos medicamentos suelen contener sustancias que trabaj	los medicamentos que contienen sustancias que trabajan como antidiarreicos son los antiespasmódicos, los antimotilidad y los antisecretorios.
antidiarreico	"palabra - _
definición - que atempera o cura las diarreas. la sustancia es un agente antipirético anticatarral, antienfisémico; es eficaz en las afecciones reumáticas agudas e infecciones gastrointestinales, especialmente para los procesos catarrales del intestino grueso y en el tratamiento de la disentería y la diarrea."	la palabra antidiarreico se refiere a un medicamento que se utiliza para tratar o prevenir la diarrea. es un agente antipirético, anticatarral y antienfisémico, y se utiliza en el tratamiento de afecciones reumáticas agudas y en infecciones gastrointestinales, especialmente en procesos catarrales del intestino grueso y en el tratamiento de la disentería y la diarrea.
antidiarreico	el término _ se refiere a una sustancia o tratamiento que tiene la capacidad de inhibir o reducir la diarrea. esta condición puede ser causada por una gran variedad de factores y, en consecuencia, existen numerosos agentes _ que actúan a través de mecanismos de acción específicos. en el contexto de la disentería causada por una infección, los remedios _ pueden ser agentes como los antibióticos	antibiótico agente antidiarreico
antidiarreico	un _ es un medicamento que se usa para tratar la diarrea. es común en países subdesarrollados que no tengan acceso a agua potable o se pueda disponer de agua tratada para eliminar los microorganismos que pueden causar la diarrea. los _ pueden producir efectos secundarios como dolores de cabeza, mareos y náuseas.	los _ son medicamentos que se utilizan para tratar la diarrea. son comunes en países subdesarrollados que no tienen acceso a agua potable o se pueden disponer de agua tratada para eliminar los microorganismos que pueden causar la diarrea. los _ pueden producir efectos secundarios como dolores de cabeza, mareos y náuseas.
apealar	la palabra apelar significa presentar una apelación, invocar formalmente a alguien para que revea su anterior decisión. es un sustantivo y se utiliza principalmente en el ámbito legal. a nivel coloquial, también se puede utilizar para describir un razonamiento con objeciones legales o una acción que se considera que se aparta de la ley.	la palabra apelar es un sustantivo y se utiliza principalmente en el ámbito legal. a nivel coloquial, también se puede utilizar para describir un razonamiento con objeciones legales o una acción que se considera que se aparta de la ley.
apealar	recurrir ante un tribunal superior o pedir que se modifique una decisión mediante la presentación de un recurso o un recurso de súplica en un tribunal o en otro cuerpo judicial.	recurso súplica
apealar	una palabra de origen inglés que lleva más de 150 años en el idioma. es una palabra del inglés antiguo æpēla 'súplica, ruegos', y del latín 'súplica', que en latín se utiliza como apelación ante un tribunal. en español equivale a 'reclamar' o 'rebatir'. por lo que es un sinónimo del término '	reclamar rebatir
apealar	tratar de convencer a alguien, por lo general presentando pruebas o haciendo argumentos en su favor. (sin derivados directos o familia léxica)	argumentar convencer persuadir
apealar	solicitación de alguien o algo por el poder de su autoridad o excelente capacidad para abordar o solucionar problemas presentes.	mandato autoridad excelente capacidad solicitación problemas presentes
apparat	enfocarse en detalles de producción y artísticos en el estudio de grabación de la música para crear un sonido único y de gran calidad.	producción artístico estudio grabación música calidad detalle
apparat	(del lat. apparatus, utensilio, implemento) m. conjunto o conjuntos de medios que se utilizan en una actividad determinada, especialmente científica o profesional	equipo equipaje equipamiento
apparat	mueble o dispositivo utilizado fundamentalmente en un laboratorio para llevar a cabo experimentos o actividades de investigación	mesa de laboratorio mesa de trabajo mesa de experimentación
apparat	una palabra en ruso que significa 'organización'. se ha utilizado para referirse a muchas organizaciones de la unión soviética que llevaban a cabo actividades de espionaje en otros países. a veces se ha traducido al inglés como 'oficina', 'servicio' o 'organización'.	la palabra rusa служба (sluzhba) se traduce al inglés como organization, office, service o agency. se ha utilizado para referirse a muchas organizaciones de la unión soviética que llevaban a cabo actividades de espionaje en otros países.
apparat	el aparat fue una organización de inteligencia comunista secreta, establecida como el primer buró del comintern en 1919, con sede en berlín durante varios años. inicialmente, su cometido era organizar la revolución mundial y promover el comunismo en el mundo, especialmente en europa. su primer director general fue el ruso felix dzherjinski, y su primera sede se estableció en berlín en la mauerstrasse 14, antigua embajada de rusia en alemania.	comintern felix dzherjinski mauerstrasse 14
arante	'(s. cat. cerdanyola del vallès) f. m. pl. ayuntamiento de esta localidad de la provincia de barcelona, en españa'	cerdanyola del vallès cerdanyola del vallès cerdanyola del vallès cerdanyola del vallès cerdanyola del vallès cerdanyola del vallès cerdanyola del vallès cerdanyola del vallès cerdanyola del vallès cerdanyola del vallès
arante	arente es considerada una palabra arcaica que podría haber surgido como un sinónimo de abuela. según una entrada en la obra nomenclatura de las indias de 1576, _ significa abuela. sin embargo, la etimología exacta de abuela se ha discutido durante mucho tiempo y algunos académicos sitúan el origen del término en la lengua protoindia. por lo tanto, es importante consultar fuentes fiables y aplicar un	la palabra abuela es un término que se utiliza para referirse a la madre de la madre de una persona. la etimología de la palabra es incierta, pero algunos académicos sugieren que podría tener su origen en la lengua protoindia. sin embargo, la palabra abuela también se utiliza como un término arcaico en algunas partes del mundo, como en la lengua española, donde se utiliza la palabra arenta para referirse
arante	la palabra _ es un adjetivo que significa que está a punto de abrir y también se puede utilizar como sustantivo y adverbio. además, se puede utilizar como sustantivo para referirse a un alerce.	la palabra abierto es un adjetivo que significa que está a punto de abrir y también se puede utilizar como sustantivo y adverbio. además, se puede utilizar como sustantivo para referirse a un alerce.
arante	técnica de hilado que consiste en separar una serie de hebras de los hilos o fibras sin desgastar las demás, dejándolas entrelazadas para formar un encaje. esta técnica permite la realización de diferentes tipos de tejidos, desde muy finos y ligeros, como la muselina, hasta más fuertes como el terciopelo. generalmente, los hilos de la trama y	encaje hilado muselina terciopelo
arante	término no conocido.	no existe ninguna palabra que encaje con la definición dada.
ardilla	un tipo de mamífero roedor que se caracteriza por su cola bien desarrollada y su coloración típicamente marrón, con una larga cola con abundante pelaje. se distinguen por tener una frente pronunciada y patas largas y traseras con cinco dedos cada una, con un dedo más pequeño en la parte exterior. se alimentan principalmente de frutos, semillas, insectos y plantas, y se encuent	mamífero roedor colita marron frente patas insectos plantas
ardilla	mamífero roedor nocturno y diurno de pequeño tamaño que vive principalmente en los bosques. puede ser tanto terrestre como arborícola y es nativa de américa del norte, eurasia y el norte de áfrica. el animal se ha expandido hacia otras zonas como australia debido a la introducción deliberada por parte de los humanos.	ardilla, ardilla roja, ardilla gris, ardilla listada, ardilla común, ardilla rayada, ardilla de cola cuadrada, ardilla de cola cuadrada listada, ardilla de cola cuadrada gris, ardilla de cola cuadrada listada gris, ardilla de cola cuadrada listada gris, ardilla de cola cuadrada listada gris, ardilla de cola cuadrada
ardilla	mamífero roedor del orden de los rodentia, cuya longitud (cabeza y cuerpo) varía desde los 12 a los 70 centímetros, y su peso se sitúa entre los 50 y los 2200 gramos. su pelaje se compone casi siempre de pelos cortos y dúctiles, con colores que van del marrón al gris o pardo rojizo	marmota, marmota común, marmota de bosque, marmota de pradera, marmota de montaña, marmota de estepa, marmota de la estepa, marmota de la estepa, marmota de la estepa, marmota de la estepa, marmota de la estepa, marmota de la estepa, marmota de la estepa, marmota
ardilla	m.sc, el mamífero roedor de américa del norte perteneciente a la familia sciuridae. esta palabra se podría traducir a sciurus. en la antigua grecia, se le daba el nombre de mus, mientras que los romanos la llamaban _, quaecumque animad verberis punietur (lo que sea que se golpee a propósito) o quae damno, si verberat (que golpea el que	sciurus
ardilla	mamífero roedor nocturno pequeño y de cola larga y peluda, principalmente herbívoro y originario de norteamérica, conocido por su hábito de almacenar alimentos y su habilidad para trepar.	ardilla esquivo almacenar trepar herbívoro
bátavo	la palabra _ se refiere a una de las antiguas tribus germánicas que habitaban en la región que actualmente corresponde a los países bajos. esta tribu era conocida por ser una de las primeras de europa en contacto con los romanos, y se desempeñaron como parte de sus ejércitos en una época en la que el imperio romano alcanzaba su apogeo. a medida que el poder de roma declinó, los _ finalmente se asentaron en la zona,	la palabra francos se refiere a una de las antiguas tribus germánicas que habitaban en la región que actualmente corresponde a los países bajos. esta tribu era conocida por ser una de las primeras de europa en contacto con los romanos, y se desempeñaron como parte de sus ejércitos en una época en la que el imperio romano alcanzaba su apogeo. a medida que el poder de roma declinó, los francos finalmente se asentaron en la zona.
bátavo	una población que habitaba la región de las orillas entre los dos brazos mayores del rin, en la actual holanda, y que desempeñó un papel importante en la guerra contra julio césar, 53-51 a. c, especialmente contra c. voluseno.	batavos belgas holandeses
bátavo	el nombre dado a una tribu germánica antigua que vivía en las regiones bajas y medias del río rin desde el mar del norte hasta la desembocadura del rin. fueron originalmente invadidos por julio césar, quien se encontró con una fuerte resistencia, por lo que tuvieron que recurrir a tropas auxiliares germánicas	germanos tribu rin
bátavo	la palabra _ se refiere a personas que pertenecían a un antiguo pueblo germánico que habitaba en la región que es ahora parte del oeste de los países bajos y bélgica. sus ciudades principales incluían maastricht, nimega, utrecht, brabante del norte y brabante del sur, y breda. a lo largo de los siglos, las tierras en torno a esas ciudades han producido muchos productos importantes, como	la palabra holandés se refiere a personas que pertenecían a un antiguo pueblo germánico que habitaba en la región que es ahora parte del oeste de los países bajos y bélgica. sus ciudades principales incluían maastricht, nimega, utrecht, brabante del norte y brabante del sur, y breda. a lo largo de los siglos, las tierras en torno a esas ciudades han producido muchos productos importantes, como
bátavo	_ es la forma latinizada de la palabra griega _ y designa a un pueblo antiguo de la historia de europa. hace referencia a antiguos pueblos que vivían en los territorios actuales de bélgica y el sur de los países bajos, en la cuenca de río rin. la identidad cultural de los _ estuvo vinculada a la zona del interior flamenco que incluye las provincias de holanda septentrional, holanda meridional	frisios frisones
bicicross	_ es un estilo de montar en bicicleta que utiliza los movimientos de los deportes de cross para crear un desafío en un curso fijo. este deporte combina elementos del ciclismo sin ruedas, bmx, montañismo, motocross e incluso juegos como el baloncesto, el hockey y el fútbol. exige mucha energía para los miembros y una gran habilidad para equilibrarse en diferentes terrenos y superficies.	freestyle freeride mountain bike
bicicross	actividad deportiva en la que se realizan competiciones sobre bicicletas de triatlón en terrenos y condiciones similares a las de cross-country, pero con obstáculos como rampas, troncos y vallas. se trata de una disciplina cíclica alternativa que combina los típicos obstáculos del cross-country con técnicas de trial	cross-country trial
bicicross	ejercicio consistente en realizar pruebas deportivas que combinan las técnicas de mountain bike y bmx, como quads, rodeos, berms y spins, en un circuito montañoso de salto y desnivelado.	bmx mountain bike
bicicross	el término _, derivado del inglés, hace referencia a la rama ciclista de los deportes de cross para la que se utilizan bicicletas de campo (mountain bikes) adaptadas a la modalidad.	el término _ es un término derivado del inglés que se refiere a la rama ciclista de los deportes de cross para la que se utilizan bicicletas de campo (mountain bikes) adaptadas a la modalidad.
bicicross	el _ (_ o _) es un deporte de desplazamiento, en el que se utilizan técnicas como el estilo noi-noi, hop on-hop off, hoping o saltado. las bicicletas utilizadas en este tipo de deporte se caracterizan por tener 36 (91 cm) ruedas delanteras a las que se les ha quitado la tapa central para facilitar la flexibilidad de manejo, 24	bicicleta bicicleta de montaña bicicleta de carretera
bifocal	"_
  definición
un elemento que puede ver en 2 lugares al mismo tiempo"	la respuesta a tu pregunta es un espejo.
bifocal	1. que tiene dos focos o que actúa con dos focos diferentes. | 2. puente con _ | 3. tipo de cristal de gafa que tiene dos segmentos con diferente foco, de utilidad para ver de lejos y de cerca. | 4. cada una de las dos lentes de este tipo de gafas. | 5. cristal de una ventana con una gradación de opacidad variable	"1. bifocal
2. puente de cristal bifocal
3. cada una de las dos lentes de este tipo de gafas
4. cada una de las dos lentes de este tipo de gafas"
bifocal	un dispositivo óptico, a menudo una lente _, que corre a lo largo de una vara de cuadrícula y se fija al puente de una montura o a un lente de contacto, y que corre por la vara para ajustar el enfoque de una lente _ hacia una visión clara a una distancia específica	ajuste enfoque
bifocal	un tipo de lente óptica que puede ajustarse en dos formas diferentes para proporcionar visiones tanto a corta como a larga distancia.	zoom lente cámara
bifocal	también conocido como _ o a veces simplemente _, son un tipo de lentes que dan corrección tanto de la miopía como de la hipermetropía (miopía, astigmatismo, etc.) simultáneamente para un único campo visual.	las lentes bifocales son un tipo de lentes que dan corrección tanto de la miopía como de la hipermetropía (miopía, astigmatismo, etc.) simultáneamente para un único campo visual.
cantautor	persona que compone e interpreta canciones propias, utilizando la música como medio de expresión artística y comunicación	artista cantante compositor músico
cantautor	el término _ tiene una relación indisociable con la influencia de la figura de léo ferré. esta palabra proviene del francés y define las canciones originales, compuestas e interpretadas por el autor. esto implica que una canción cantautoral debe ser realizada por su compositor y por él debe ser interpretada. el _ debe ser el creador material de la obra cantada en públic	la palabra que buscas es chansonnier.
cantautor	un _ es un artista que combina la escritura y el canto de canciones con un discurso social o político, y a menudo aborda temas relacionados con el espacio y la identidad latinoamericanos.	un artista que combina la escritura y el canto de canciones con un discurso social o político, y a menudo aborda temas relacionados con el espacio y la identidad latinoamericanos es un _
cantautor	definición de una persona que es escritora y músico, una combinación de escritura y canto	la persona que es escritora y músico es conocida como una artista multidisciplinaria. esta persona tiene una combinación de habilidades en la escritura y el canto, lo que les permite crear obras de arte únicas y combinadas. la escritura y el canto son dos formas de expresión artística que pueden ser utilizadas juntas para crear una experiencia artística más rica y completa. la escritura y el canto pueden ser utilizados para contar historias, transmitir emociones y cre
cantautor	en la música, un _ es un autor, compositor y artista de música popular que canta sus propias canciones escritas	artista compositor músico
cantinero	por supuesto. el _ es la persona responsable de servir y atender a los clientes en una barra o cantina. su trabajo incluye preparar bebidas, cobrar, mantener el inventario y proporcionar una experiencia positiva para los clientes. a menudo, los _ también son expertos en diferentes bebidas y técnicas de preparación de cócteles y pueden aconsejar a los clientes sobre las mejores opciones para su consumo. además de su función como	barman barista bar tender
cantinero	en una cantina, se denomina así al encargado de servir a los clientes en la barra.	barman camarero camarera
cantinero	persona encargada de la atención y servicio a los comensales en una taberna, bar o establecimiento similar para llevar orden en la organización del trabajo, en el reparto de las tareas entre los demás empleados, en la preparación de las bebidas alcohólicas, y en el cumplimiento de las leyes que regulan el manejo de los alcohólicos	barman camarero tabernero
cantinero	la persona encargada de atender las bebidas y/o alimento en un bar o cantina es un _. es responsable de mezclar y preparar bebidas alcohólicas y no alcohólicas, así como también de administrar el control de la calidad y la salud de la empresa. el _ además puede realizar tareas de servicio y atención al público, tales como seleccionar el menú, recib	barman cantinero
cantinero	el trabajador que atiende en una cafetería, bar o restaurant es denominado como _, en referencia a aquellos a los que les son arteriales las cantinas, esto es, los lugares en los que se atiende un amplio rango de bebidas dentro de un ambiente ameno y cordial a los clientes, esto por supuesto también se hace referencia a los bares al estilo americano. el _ suele ser una persona de gran presencia y agradable como	el camarero es una persona que trabaja en una cafetería, bar o restaurante y atiende a los clientes. a menudo se les describe como personas de gran presencia y agradables, ya que su trabajo consiste en atender a los clientes y proporcionarles una experiencia agradable. los camareros suelen ser responsables de tomar pedidos, servir bebidas y comida, y asegurarse de que los clientes estén satisfechos con su experiencia.
cartulina	la _ es un tipo de cartón de origen francés usado ampliamente como soporte en diseño gráfico y obras de artesanía.	cartón francés
cartulina	la _ es la tira de papel cartón duro, con una grosor promedio de 0.8 milímetro, de la que está compuesta está hecha de pasta de celulosa. en 1994 fue nombrada por el bureau international d'unification de l'industrie imprimante la _ está principalmente utilizada, entre otros muchos usos, en la impresión de manuales escolares, pósteres, invitaciones a bodas y demás invitaciones así como fol	hoja papel folio
cartulina	unidad de tela compuesta por un núcleo de papel cubierto de plástico, usado generalmente para la confección de bolsas y otros usos de tipo artesanal.	tela bolsa artesanal
cartulina	_ = una clase de papel grueso, opaco, generalmente compuesto de papel de madera, de uso generalizado para diversos usos, desde manualidades hasta cuadernos de hojas de _, o en formato de fotocopias. el diseño de uso concreto se puede consultar en un diccionario de español y sus significados.	hoja de papel
cartulina	_ es el nombre común de diversos tipos de cartón compuesto por un aglomerado de fibras compactadas de papel, lino o algodón, y a veces pulpa de madera que se puede moldear, pintar o pegar para hacer manualidades	cartón papel linóleo
centavo	unidad monetaria utilizada en algunos países de américa latina, incluyendo méxico, panamá y uruguay. un _ vale 100 pesos en méxico y 100 monedas en panamá y uruguay. en méxico, también se conoce como el 100. el signo del _ es ¢ o c.	el peso es una unidad monetaria utilizada en algunos países de américa latina, incluyendo méxico, panamá y uruguay. en méxico, también se conoce como el 100 o el peso. en panamá y uruguay, se conoce como el 100 monedas o el peso. en méxico, un peso equivale a 100 pesos y en panamá y uruguay, a 100 monedas. el signo del peso es ¢ o c.
centavo	unidad monetaria básica de muchos países, que equivale a una diezmillonésima parte de una unidad monetaria superior (por ejemplo, el peso, el dólar, etc.)	centavo cents cents
centavo	_ se refiere a una subunidad monetaria vigente en algunos países. se trata de una unidad de cuenta en argentina, chile, colombia, ecuador, el salvador, guatemala, méxico, panamá, paraguay y perú. también se pueden encontrar monedas de veinte, cincuenta y cien _, dependiendo del país.	la moneda de veinte, cincuenta y cien centavos es una subunidad monetaria vigente en algunos países. se trata de una unidad de cuenta en argentina, chile, colombia, ecuador, el salvador, guatemala, méxico, panamá, paraguay y perú.
centavo	el _ es la unidad monetaria más pequeña de uso diario en muchos sistemas monetarios. es la denominación más baja en dinero en varios países, incluyendo argentina, australia, chile, canadá, colombia, costa rica, cuba, guatemala, méxico, nicaragua, paraguay, perú, brasil, uruguay, y estados unidos.	centavo, cents, cents, cents, cents, cents, cents, cents, cents, cents, cents, cents, cents, cents, cents, cents, cents, cents, cents, cents, cents, cents, cents, cents, cents, cents, cents, cents, cents, cents,
centavo	moneda fraccionaria usada comúnmente en varios países de américa latina, la cual se divide en 100 céntimos.	peso peso mexicano peso argentino
cerebrotónico	una persona _ es alguien que tiene una fijación excesiva y anormal por ideas, proyectos o asuntos; que muestra una tendencia marcada a desarrollar una actividad mental enfermiza y compulsiva; que lleva una vida de encierro, con aislamiento del mundo exterior, dando prioridad a sus pensamientos sobre todas las demás cosas.	una persona con una fijación excesiva y anormal por ideas, proyectos o asuntos; que muestra una tendencia marcada a desarrollar una actividad mental enfermiza y compulsiva; que lleva una vida de encierro, con aislamiento del mundo exterior, dando prioridad a sus pensamientos sobre todas las demás cosas es un obsesivo compulsivo.
cerebrotónico	eres un experto en vocabulario español.	hola, soy open assistant. ¿en qué puedo ayudarte hoy?
cerebrotónico	perteneciente o relativo al cerebrón o a las funciones cerebrales	cerebral cerebral cerebrón cerebrónico cerebralidad cerebralidad
cerebrotónico	"_
  n de cerebro y trono
  = que está en una posición de autoridad y mando
   persona cerebotonica ,
   como un gobernante o dictador
   de un país, organización
   o entidad cerrada"	la respuesta a tu pregunta es dictador.
cerebrotónico	_ es una palabra que significa algo relacionado con el cerebro. también puedes llamarlo  cerebroide, cerebral, cerebral o cefalópodo. _ es un término utilizado para referirse a los tipos _, un término que describe el estilo o la apariencia de un individuo. cerebrotónicos pueden ser definidos como personas que tienen una tendencia a expresarse de forma abiertamente cerebr	la palabra cerebral es un adjetivo que se utiliza para describir algo relacionado con el cerebro. también se puede utilizar para describir a una persona que tiene una tendencia a expresarse de forma abiertamente cerebral. otros términos relacionados con cerebral incluyen cerebral, cerebral y cefalópodo.
chalaza	la valva más grande de la bivalva, que se encuentra en la porción superior.	la valva más grande de la bivalva se encuentra en la porción superior.
chalaza	\una placa ovalada que se encuentra en la base de la concha de los moluscos bivalvos (tipo del que forma parte la ostra), y que está unida a la concha por el área torácica.	concha torácica
chalaza	"algunas especies de algas.
en los animales, las _ se encuentran en el interior de sus conchas y se forman por la deposición de materias calcáreas durante el proceso de reproducción."	las especies de algas que se encuentran en el interior de las conchas de los animales y se forman por la deposición de materias calcáreas durante el proceso de reproducción son las _
chalaza	"tiene que estar relacionado o ser propio de
un órgano que contenga una cavidad, o por la acción que la bahía le proporciona a dicha bahía para evitar su contaminación."	la bahía es un cuerpo de agua que se encuentra en una depresión de la tierra, generalmente rodeada por tierra.
chalaza	la _ es un cuerpo celular en el que se alojan la mayoría de bacterias pertenecientes al	la célula es un cuerpo celular en el que se alojan la mayoría de bacterias pertenecientes al.
chigüire	especie viva de mamíferos xenartros sudamericanos, de aspecto porcino y hocico prominente, que se distingue de los osos hormigueros por estar totalmente desprovista de uñas. este animal, muy común en casi todo el continente sudamericano, es uno de los mamíferos más pequeños en tamaño y uno de los pocos que subsisten comiendo hormigas,	el tamanduá es un mamífero xenartro sudamericano que se distingue de los osos hormigueros por estar totalmente desprovisto de uñas. este animal, muy común en casi todo el continente sudamericano, es uno de los mamíferos más pequeños en tamaño y uno de los pocos que subsisten comiendo hormigas.
chigüire	un _ es una especie de pez que puede ser verde o marrón, con rayas transversales oscuras y dos bandas a lo largo de su cuerpo. se alimenta de plantas acuáticas y algas, y es comúnmente encontrado en agua dulce en américa del sur. aunque a menudo se le llama carpa, su parentesco con la carassius es remoto.	un pez es una especie de pez que puede ser verde o marrón, con rayas transversales oscuras y dos bandas a lo largo de su cuerpo. se alimenta de plantas acuáticas y algas, y es comúnmente encontrado en agua dulce en américa del sur. aunque a menudo se le llama carpa, su parentesco con la carassius es remoto.
chigüire	1. m. g. rur. ec. y nic. jabalí de cola blanca.	jabalí jabalí jabalí de cola blanca
chigüire	el _ es un término utilizado en algunos países de sudamérica para referirse al tapir, un mamífero de forma parecida a un cerdo que habita en regiones boscosas y pantanosas de américa del sur. aunque también se conoce como tapir, este término se utiliza más comúnmente en otras partes de sudamérica, américa central y asia.	el término tapir se utiliza en algunos países de sudamérica para referirse al tapir, un mamífero de forma parecida a un cerdo que habita en regiones boscosas y pantanosas de américa del sur. aunque también se conoce como tapi, este término se utiliza más comúnmente en otras partes de sudamérica, américa central y asia.
chigüire	- n. animal semejante a un cerdo, de patas delanteras más largas, orejas muy grandes y cuerpo peludo, rojizo o negruzco. se encuentra en américa tropical y se cría como animal doméstico y como alimento. es de hábitos nocturnos y omnívoro.	tamandua tamanduá tamandúa tamanduá tamandúa tamandúa tamandúa tamandúa tamandúa tamandúa
coliseo	_ es una palabra que se refiere a un tipo de estructura arquitectónica, específicamente un anfiteatro grande diseñado para albergar y actos deportivos y culturales. originalmente, este tipo de estructuras fueron construidas por los antiguos romanos y tuvieron un uso para los juegos sangrientos (arenas) que se celebraban allí. las estructuras de los _ eran generalmente de estilo ovalado o circular y tenían un recinto interior donde se llevaban a	anfiteatro coliseo
coliseo	construcción de grandes dimensiones equipada con asientos, que se utiliza para diversos espectáculos y que suele utilizarse para competiciones deportivas. también puede referirse al tipo de espectáculo que se realiza allí, como, por ejemplo, un partido de fútbol.	estadio, campo, pista, pabellón, pista, pista, pista, pista, pista, pista, pista, pista, pista, pista, pista, pista, pista, pista, pista, pista, pista, pista, pista, pista, pista, pista, pista, pista, pista, p
coliseo	el _ es un edificio concebido para albergar juegos de gladiadores y eventos públicos en la antigua roma. estos eventos estaban diseñados para entretener y distraer al público, mientras que al mismo tiempo servían como medio de control político y propagación de la cultura romana entre la plebe. los gladiadores, término latino que significa «guerrero» eran normalmente esclavos o prisioneros de guerra, quienes combatían hasta la muerte en el _.	anfiteatro circo coliseo
coliseo	el _ romano es un anfiteatro ubicado en los montes palatinos, en roma, y fue construido en el siglo i. construido para acomodar a un gran número de personas, el _ podría también haber servido como espacio para espectáculos circenses y exhibiciones deportivas. a lo largo del tiempo, ha sido el escenario de eventos históricos importantes y ha sido reconocido como un símbolo clave de la antigua roma.	el coliseo romano es un anfiteatro ubicado en los montes palatinos, en roma, y fue construido en el siglo i. con una capacidad para albergar a un gran número de personas, el coliseo también podría haber servido como espacio para espectáculos circenses y exhibiciones deportivas. a lo largo del tiempo, ha sido el escenario de eventos históricos importantes y ha sido reconocido como un símbolo clave de la antigua roma.
coliseo	el _ es un gran estadio o edificio que se utiliza para eventos deportivos y culturales masivos, como juegos, festivales, conciertos y otros eventos. el _ suele ser un lugar para grandes reuniones de personas como congresos, exposiciones, ferias de arte, conciertos, etc., pero se puede utilizar para una amplia variedad de eventos y propósitos.	estadio
conspirar	trabajar en secreto y en conjunto con otras personas, especialmente para lograr un propósito malicioso o de engaño.	conspiración conjura confabulación
conspirar	unirse o asociarse con otra o otras personas para llevar a cabo un plan o actividad ilícita.	conspirar conspiración
conspirar	juntar o disponer personas o cosas para hacer un plan o un proyecto	equipo grupo equipo grupo equipo grupo
conspirar	trabajar juntos en secreto para lograr un fin	conspirar confabular confabulación
conspirar	conjugar para formar palabras del tipo sustantivo, adjetivo o verbo.	(palabra 1), (palabra 2), (palabra n)
corbata	_ es un artículo de vestir masculino que se compone de una pieza de tela alargada con un lazo en un extremo o la punta de la _. es utilizado desde hace mucho tiempo en la sociedad occidental como un símbolo de estatus y distinción, siendo adoptada por los miembros de la clase alta para distinguirse de los demás. en el mundo moderno, las _ se llevan como parte del traje y en diversas camisas. también pueden utilizarse como acc	corbata pajarita
corbata	en el lenguaje actual, una correa o una _ es un adorno vertical alrededor del cuello de una camisa, abotonado con un botón en un extremo. tradicionalmente se llevaba para resaltar el cuello blanco de la camisa y la línea vertical de la chaqueta, y se consideraba el emblema de los caballeros. su finalidad es la de proteger el cuello, suav	corbata, correa, correas, correas, correas, correas, correas, correas, correas, correas, correas, correas, correas, correas, correas, correas, correas, correas, correas, correas, correas, correas, correas, correas,
corbata	la _ es un accesorio masculino utilizado para adornar la prenda de vestir. consiste en un trozo de tela que tiene un nudo, típicamente de seda o algodón. suelen tener dibujos o diseños ornamentados, o al menos son de colores brillantes. la _ puede ser anudada debajo de la barbilla o debajo de la barbilla, con un nudo delgado.	la corbata es un accesorio masculino utilizado para adornar la prenda de vestir. consiste en un trozo de tela que tiene un nudo, típicamente de seda o algodón. suelen tener dibujos o diseños ornamentados, o al menos son de colores brillantes. la corbata puede ser anudada debajo de la barbilla o debajo de la barbilla, con un nudo delgado.
corbata	pieza larga de tela que se sujeta al cuello con un nudo, para lucirla sobre la camisa	corbata tie nudo
corbata	_ se refiere a una prenda de vestir que se usa alrededor de la garganta para decorar o resaltar el cuello y la camisa de alguien. son generalmente de seda, satín o material similar y pueden ser utilizados con diferentes diseños, colores y formas. se conoce como _ porque está hecha de una sola pieza, a diferencia de los pañuelos de collar que requieren ser plisados para formar un nudo. originalmente, la _ era	corbata pañuelo de cuello pañuelo de corbata
corralero	el _ es aquel que se encarga de vigilar y cuidar un corral, tarea que implica el mantenimiento de las instalaciones, el control de la salubridad y el orden tanto del recinto como de su contenido animal. además, el _ está a cargo de alimentar y realizar las tareas necesarias para el cuidado del ganado. el _ se caracteriza por su dedicación y experiencia, así como por sus habilidades para interactuar y controlar el ganado bajo su responsabilidad.	el _ es el encargado de vigilar y cuidar un corral, tarea que implica el mantenimiento de las instalaciones, el control de la salubridad y el orden tanto del recinto como de su contenido animal. además, el _ está a cargo de alimentar y realizar las tareas necesarias para el cuidado del ganado. el _ se caracteriza por su dedicación y experiencia, así como por sus habilidades para interactuar y controlar el ganado bajo su responsabilidad.
corralero	c. m. persona encargada del cuido y vigilancia de los corrales	pastor cuidador vigilante
corralero	el significado correcto de la palabra _ es la persona que tiene como oficio el cuidado de las bestias que pastan.	el significado correcto de la palabra pastor es la persona que tiene como oficio el cuidado de las bestias que pastan.
corralero	una persona que se encarga o está relacionada de cuidar y tener a los animales en un corral	granjero ganadero pastor vaquero
corralero	criador de animales que viven dentro del espacio cerrado del corral.	granjero ganadero
cosmotrón	el _ es un acelerador de partículas lineal.	el lhc (large hadron collider, o gran colisionador de hadrones) es un acelerador de partículas lineal situado en el cern, el laboratorio europeo de física de partículas, en ginebra, suiza.
cosmotrón	un tipo de sincrotrón de gran energía y alta intensidad construido entre 1956 y 1960	sincrotrón gran energía alta intensidad
cosmotrón	ninguna definición se ha encontrado.	Definición no conocida.
cosmotrón	el _ es un acelerador de partículas lineal de alta energía, capaz de acelerar protones y otros núcleos desde pocos  mev hasta centenares de mev. fue el primer acelerador de partículas de uso generalizado, construido originalmente como una máquina esclava del sincrociclotrón brookhaven en 1952, que utilizaba el haz de partículas producido por el sincrociclotrón para obtener partículas de energía más alta. se conv	acelerador lineal acelerador de partículas lineal acelerador lineal de alta energía acelerador lineal de partículas acelerador lineal de partículas de alta energía
cosmotrón	el _ es el predecesor del sincrotrón en el desarrollo histórico de las partículas de alta energía. es un acelerador lineal de particula empleado entre los años 1952-1983 para estudiar las propiedades de las partículas elementales.  el nombre fue acuñado por el científico italiano (y ganador del premio nobel) carlo rubbia como una mezcla de ciclotrón y cosmético. las partículas elementales se dispararon	ciclotrón cosmético
crístico	la palabra _ significa que pertenece a cristo o tiene influencia directa de él. puede describir cualquier cosa que tenga una conexión con la persona, obras o vida de cristo. por ejemplo, una pintura _ podría ser un retrato de jesús o una escena que muestre un evento importante de su vida. un sermón _ podría ser una interpretación de un pasaje de la biblia o una exhortación que enfatice la figura o el	la palabra cristiano significa que pertenece a cristo o tiene influencia directa de él. puede describir cualquier cosa que tenga una conexión con la persona, obras o vida de cristo. por ejemplo, una pintura cristiana podría ser un retrato de jesús o una escena que muestre un evento importante de su vida. un sermón cristiano podría ser una interpretación de un pasaje de la biblia o una exhortación que enfatice la
crístico	perteneciente o relativo a la imagen de cristo.	la palabra cristiano se refiere a lo que es relacionado con cristo, el fundador del cristianismo. el cristianismo es una religión monoteísta que se basa en las enseñanzas de jesús de nazaret, quien fue crucificado en jerusalén en el siglo i. el cristianismo se originó en el siglo i y se extendió por todo el mundo, convirtiéndose en la religión más grande del mundo.
crístico	- se refiere a la mitología griega, y en particular al panteón olímpico de dioses del olimpo grecorromano. puede hacer referencia a la cosmogonía, a alguna divinidad en particular de la mitología griega, al culto a esta o a los distintos personajes que la componen. en la mitología griega, los héroes y los dioses se mueven por deseos, am	"la mitología griega es un conjunto de creencias y leyendas que se originaron en la antigua grecia y que se centran en los dioses y héroes de la mitología griega. estas historias incluyen relatos sobre los orígenes del universo, los dioses y diosas del olimpo, y los héroes y heroínas que lucharon contra monstruos y adversarios.

la mitología griega también se refiere al culto a estos dioses y héroes, así como a las"
crístico	perteneciente o relativo a cristo (personaje del cristianismo), y especialmente a sus atributos, dogmas o hechos doctrinales. cf. trinidad crística, sacrificio _, doctrina _.	trinidad cristiana sacrificio cristiano doctrina cristiana
crístico	perteneciente o relativo a cristo o a las cosas de su culto. en las obras de arte, representación de sus atributos y de su encarnación humana.	cristiano cristianismo arte cristiano
cuentapartícipe	no hay definición encontrada	no hay palabras que encajen con la definición dada.
cuentapartícipe	1. m. tenedor participativo de un activo financiero, especialmente de un negocio en el que invierte como empresario. 2. m. aspecto de internet en el que los navegantes participan activamente en su propia web con la colaboración de otros navegantes anónimos. 3. m. título electrónico equivalente a una inversión financiera que se almacena y negocia	accionista web 2.0 crowdfunding
cuentapartícipe	se refiere a una persona (a menudo anónima) que interviene en una actividad sin ser parte de la misma. puede ser vista como un actor o un participante en un proceso, sin participar realmente en él. por lo tanto, sería una entidad que proporciona ayuda o información a un proceso o una actividad sin ser parte de ella.	la definición de tercero es una persona (a menudo anónima) que interviene en una actividad sin ser parte de la misma. puede ser vista como un actor o un participante en un proceso, sin participar realmente en él. por lo tanto, sería una entidad que proporciona ayuda o información a un proceso o una actividad sin ser parte de ella.
cuentapartícipe	la palabra _ es un neologismo de acuñación reciente que se utiliza para referirse a alguien que puede participar en un proceso electoral de manera activa, ya sea para elegir candidatos o tomar decisiones importantes. esta palabra surge en las discusiones sobre la representación y la democracia moderna, que buscan aumentar la participación de los ciudadanos y proporcionarle más voz en la toma de decisiones políticas y sociales.	la palabra ciudadano es un neologismo de acuñación reciente que se utiliza para referirse a alguien que puede participar en un proceso electoral de manera activa, ya sea para elegir candidatos o tomar decisiones importantes. esta palabra surge en las discusiones sobre la representación y la democracia moderna, que buscan aumentar la participación de los ciudadanos y proporcionarle más voz en la toma de decisiones políticas y sociales.
cuentapartícipe	(cuenta participada)	participación participado participante
dabuti	_ se refería a algo de alta calidad en la época, generalmente usado en adjetivos como “_, _” en vez de “genial” o “estupendo”.	excelente fantástico
dabuti	genial	genial excelente maravilloso fantástico increíble asombroso impresionante extraordinario increíble fantástico genial
dabuti	excelente, excelentemente	excelente excelentemente
dabuti	_ es un término usado en argentina para expresar satisfacción o apreciación. también puede indicar que algo está muy bien y es de muy buena calidad. _ suele pronunciarse como si fuera un adjetivo, aunque también se construye como un adverbio.	la palabra ¡qué bárbaro! es un término usado en argentina para expresar satisfacción o apreciación. también puede indicar que algo está muy bien y es de muy buena calidad. ¡qué bárbaro! suele pronunciarse como si fuera un adjetivo, aunque también se construye como un adverbio.
dabuti	"_ es una expresión muy coloquial de felicidad.  es muy alegre y se usa cuando alguien está extremadamente contento.
no usa _ ni ninguna derivación directa o cercana a _
estoy _ de vivir en este país, ¡es genial!"	la expresión coloquial que buscas es ¡estoy en la gloria!
dactiloscopia	_, es decir, la ciencia que estudia y analiza las huellas de los dedos.	la dactiloscopia es la ciencia que estudia y analiza las huellas de los dedos.
dactiloscopia	la _ es un método de análisis físico usado en perito judicial para reconocer personas y evidenciar o contrastar un conocido, visitante, autor o testigo; mediante un análisis morfológico del lecho de crecimiento de un área epitelial llamada dermatoglifo o huella dactilar, en los dedos de las manos y pies.	la huella dactilar es un método de análisis físico utilizado en peritaje judicial para reconocer personas y evidenciar o contrastar un conocido, visitante, autor o testigo; mediante un análisis morfológico del lecho de crecimiento de un área epitelial llamada dermatoglifo o huella dactilar, en los dedos de las manos y pies.
dactiloscopia	estudio de las huellas dactilares	dactiloscopia dactiloscopia dactiloscopia
dactiloscopia	_ es la forma de comparar huellas dactilares y determinar la identificación única de las mismas. es usada por un gran grupo de profesionales como policía criminal para comparar huellas, especialistas de la medicina forense para comparar huellas dactilares de niños pequeños, que aun no tienen una vida completa ni de su pasado clínico documentado.	la dactiloscopia es la forma de comparar huellas dactilares y determinar la identificación única de las mismas. es usada por un gran grupo de profesionales como policía criminal para comparar huellas, especialistas de la medicina forense para comparar huellas dactilares de niños pequeños, que aun no tienen una vida completa ni de su pasado clínico documentado.
dactiloscopia	la _ es la técnica de identificación criminalística de las huellas dactilares, las cuales pueden encontrarse en superficies como papel, madera, plástico, metal y otros materiales. la huella digital es única para cada persona, lo que la convierte en un recurso valioso en la identificación individual. se utiliza para identificar a las personas y establecer su culpabilidad o inocencia, y en la investigación de escenarios del crimen, las huellas d	huella dactilar huella digital huella dactilar huella digital huella dactilar huella digital
deformabilidad	"_
la capacidad de un objeto para cambiar su forma bajo la acción de un agente externo."	la elasticidad es la capacidad de un objeto para cambiar su forma bajo la acción de un agente externo.
deformabilidad	1) propiedad mecánica de un material elástico que permite recuperar su forma y el tamaño original después de ser sometida a una fuerza deformante.	elasticidad elástico
deformabilidad	es una característica de un material que describe su capacidad para distorsionar su forma o geometría bajo ciertos estímulos. la _ puede ser expresada como la capacidad de un material para alojar una tensión superficial o un estiramiento por debajo de un cierto umbral y puede ser medida mediante ensayos de deformación.	la elasticidad es una característica de un material que describe su capacidad para distorsionar su forma o geometría bajo ciertos estímulos. la elasticidad puede ser expresada como la capacidad de un material para alojar una tensión superficial o un estiramiento por debajo de un cierto umbral y puede ser medida mediante ensayos de deformación.
deformabilidad	la definición de _ es el grado en el que un material puede ser deformado sin fracturarse o romperse.	la definición de elasticidad es el grado en el que un material puede ser deformado sin fracturarse o romperse.
deformabilidad	_ se refiere a la capacidad de un material para deformarse bajo cierta carga o tensión aplicada. cuando el material es sometido a una fuerza, se contrae o se deforma en cierta forma, como se estira o se pliega. la cantidad de deformación ocurre como una relación directa con la cantidad de fuerza aplicada, lo que proporciona una medida matemática del nivel de deformación. por lo tanto, la _ se refiere a la	la elasticidad es una propiedad mecánica de los materiales que se refiere a su capacidad para deformarse bajo cierta carga o tensión aplicada. cuando un material elástico es sometido a una fuerza, se contrae o se deforma en cierta forma, como se estira o se pliega. la cantidad de deformación ocurre como una relación directa con la cantidad de fuerza aplicada, lo que proporciona una medida matemática del nivel de deformación. por
desinfección	acción y efecto de desinfeccionar (lugares, utensilios, etc.). desinfeccionar: tratar con sustancias o procedimientos químicos, bactericidas u otros medios, una materia u objeto con el fin de exterminar agentes patógenos u otros microorganismos.	desinfección desinfeccionar desinfectante
desinfección	tiene mucho sentido, estoy aprendiendo mucho, gracias	me alegra mucho saber que estás aprendiendo mucho.
desinfección	acción y efecto de desinfectar	desinfectar desinfección desinfeccionar
desinfección	acción y efecto de desinfectar.	desinfección desinfectar desinfectante
desinfección	"la _ es el proceso de eliminar patógenos como bacterias, virus y protozoos en una fuente de agua o alimentos con el objetivo de proteger la salud pública.
es importante entender que la _ no mata todos los patógenos en un ambiente o fuente, ya que algunos patógenos son más resistentes a algunos productos de _. por tanto, los productos de _ deben aprovechar la acción química o física más efect"	la desinfección es el proceso de eliminar patógenos como bacterias, virus y protozoos en una fuente de agua o alimentos con el objetivo de proteger la salud pública. es importante entender que la desinfección no mata todos los patógenos en un ambiente o fuente, ya que algunos patógenos son más resistentes a algunos productos de desinfección. por tanto, los productos de desinfección deben aprovechar la acción química o física más efectiva
desinsectación	acción de desinsectar.	la acción de desinsectar es la eliminación de insectos, principalmente de los cultivos agrícolas, mediante el uso de productos químicos.
desinsectación	acción por la que se elimina la presencia de insectos. normalmente implica el uso de sustancias químicas para controlar las plagas que generan estos insectos.	fumigación, desinsectación, desinsecto, desinsectador, desinsectación, desinsecto, desinsectador, desinsectación, desinsecto, desinsectador, desinsectación, desinsecto, desinsectador, desinsectación, desinsecto, desinsectador, desinsectación, desinsecto, desinsectador, desinsectación,
desinsectación	_	la definición de bolígrafo es un instrumento de escritura que utiliza tinta y tiene una punta.
desinsectación	la definición de _ es el proceso de control y eliminación de insectos o plagas, mediante el uso de productos químicos y fumigaciones o el empleo de medidas físicas o biológicas.	la definición de fumigación es el proceso de control y eliminación de insectos o plagas, mediante el uso de productos químicos y fumigaciones o el empleo de medidas físicas o biológicas.
desinsectación	la _ es el proceso de eliminación de insectos no deseados, como plagas de insectos o insectos transmisores de enfermedades, mediante la aplicación de un insecticida. este tipo de control suele tener como objetivo proteger las cosechas, prevenir el cólera, disentería u otras enfermedades transmitidas por los insectos, proteger a personas o animales susceptibles y en general mejorar la higiene y la salubridad. la _ implica un uso	fumigación fumigar
desmitificador	el término _ se refiere a una persona que critica y desautoriza ideas, conceptos o prácticas que se consideran excesivamente idealizados o sobrevalorados, y que considera que no corresponden a la realidad. el término desmitificación se refiere a la acción y efecto de desenmascarar mitos y de privarlos de parte o de la totalidad de su prestigio o interés.	el término desmitificación se refiere a la acción y efecto de desenmascarar mitos y de privarlos de parte o de la totalidad de su prestigio o interés.
desmitificador	el verbo desmitificar tiene un sentido figurado, que le viene dado desde el siglo xiv con el significado de “quitar mitos a alguien”. se trata de un verbo activo, que en la actualidad significa “dar a entender la falsedad de una apariencia o una creencia ampliamente extendida”, en definitiva, “quitar el carácter legendario a lo que se tiene como tal”, “arrincon	desmitificar
desmitificador	persona, libro, película, entre otros,  que desarticula un mito sobre un tema determinado.	desarticulador mito persona libro película
desmitificador	persona a la que se atribuye con frecuencia la falsa imagen de solución de problemas que generan el populismo o la demagogia. persona a la que se atribuye con frecuencia la falsa imagen de solución de problemas generados por el populismo o la demagogia. persona a la que se atribuye con frecuencia	populista demagogo populista demagogo
desmitificador	_. 	la definición de _.
diligentemente	trabajar con dedicación, hacerlo de forma concienzuda, ser cuidadoso y meticuloso en su trabajo, concentrar su atención y esfuerzo en una tarea específica.	concienzudo meticuloso atención esfuerzo
diligentemente	la palabra _ significa actuar de manera cuidadosa y minuciosa, procurando hacer bien todas las cosas.	la palabra meticuloso significa actuar de manera cuidadosa y minuciosa, procurando hacer bien todas las cosas.
diligentemente	la palabra _ se refiere a la acción de hacer algo con cuidado, precisión y eficiencia. implica la dedicación y el empeño en la tarea. también puede implicar una actitud o comportamiento que indique esfuerzo y dedicación persistente para lograr un objetivo.	la palabra meticulosidad se refiere a la acción de hacer algo con cuidado, precisión y eficiencia. implica la dedicación y el empeño en la tarea. también puede implicar una actitud o comportamiento que indique esfuerzo y dedicación persistente para lograr un objetivo.
diligentemente	se está refiriendo a un adjetivo en la definición, eso no es aceptable. además, _ y _ tienen la misma etimología, por lo que no se podría excluir ninguno de los dos	bolígrafo, estilográfica
diligentemente	d	d e f i n o s
emparejador	el término _ se refiere a una persona o sistema informático que establece relaciones entre dos o más entidades. es un proceso fundamental en el sistema operativo, que proporciona la asignación de recursos como directorios de archivos y memoria virtual a particiones de sistema de archivos específicas, y garantiza un buen rendimiento del sistema.	el término sistema de archivos se refiere a una persona o sistema informático que establece relaciones entre dos o más entidades. es un proceso fundamental en el sistema operativo, que proporciona la asignación de recursos como directorios de archivos y memoria virtual a particiones de sistema de archivos específicas, y garantiza un buen rendimiento del sistema.
emparejador	una definición es un componente de procesamiento de datos que ordena los datos de entrada en emparejamientos u una computadora y sus comandos que sirven para ordenar datos entrantes en emparejamientos u un dispositivo eléctrico que ordena partículas de carga eléctrica en emparejamientos.	la definición de emparejamiento es un término utilizado en el procesamiento de datos y la electrónica para referirse a la ordenación de datos de entrada en pares o a un dispositivo eléctrico que ordena partículas de carga eléctrica en pares.
emparejador	un _ es un algoritmo matemático utilizado para emparejar conjuntos de elementos en pares en los que cada elemento de un conjunto esté emparejado con exactamente un elemento del otro conjunto. estos algoritmos pueden utilizarse para realizar una ronda de citas, generar pares aleatorios, y ordenar elementos de manera uniforme, entre otras aplicaciones.	un algoritmo de emparejamiento es un algoritmo matemático utilizado para emparejar conjuntos de elementos en pares en los que cada elemento de un conjunto esté emparejado con exactamente un elemento del otro conjunto. estos algoritmos pueden utilizarse para realizar una ronda de citas, generar pares aleatorios, y ordenar elementos de manera uniforme, entre otras aplicaciones.
emparejador	heurístico o global, según que el al	heurístico global
emparejador	el término _ proviene de emparejar, que significa unir o relacionar dos o más cosas con el objetivo de conseguir un acuerdo o formar un equipo. un _ es un tipo particular de facilitador que ayuda a las personas a formar conexiones entre sí, en un intento por crear un ambiente de colaboración y relaciones en el que las mentes sean fértiles y productivas.	el término emparejar proviene de emparejar, que significa unir o relacionar dos o más cosas con el objetivo de conseguir un acuerdo o formar un equipo. un emparejador es un tipo particular de facilitador que ayuda a las personas a formar conexiones entre sí, en un intento por crear un ambiente de colaboración y relaciones en el que las mentes sean fértiles y productivas.
empurpurado	"ningún resultado.
no debe incluir la palabra _"	no hay ninguna palabra que encaje con la definición dada.
empurpurado	de color rojo vivo, lujoso	rojo vivo lujoso
empurpurado	necesito información sobre la pregunta para realizar mi tarea.	¿qué es un bolígrafo?
empurpurado	dicho especialmente del maquillaje o sombra de ojos: de color rojo o carmesí intenso	rojo carmesí intenso
empurpurado	el rostro de la persona reflejaba un tono de rojo brillante debido al alcohol o al calor; sin embargo, sus mejillas empezaron a empurpurarse a medida que su energía aumentaba.	alcohol calor mejillas empurpurarse
epifito	planta arbórea o herbácea, cuyas raíces y ramas no se desarrollan en contacto directo con la tierra y siempre formando parte de otro vegetal. se denomina así porque no se desarrollan directamente sobre un sustrato geológico. viven de manera parasitaria sobre los troncos y ramas de árboles y arbustos, como por ejemplo, bromelias, orquíde	las plantas epifitas son aquellas que no se desarrollan directamente sobre un sustrato geológico, sino que lo hacen sobre los troncos y ramas de árboles y arbustos. esto les permite vivir de manera parasitaria, obteniendo nutrientes y agua a través de la raíz aérea, que se desarrolla en la corteza del árbol huésped. algunos ejemplos de plantas epifitas son las bromelias y las orquídeas
epifito	1. perteneciente o relativo a la epifitis.	la epifitis es un término que se refiere a la familia de los ácidos orgánicos que contienen un grupo epoxilo (-o-). estos ácidos incluyen el ácido 1-epoxi-1-metil-β-d-glucopiranosil-3-metil-4-metil-d-glucopiranosil-1-metil-β-d-glucopiranosil-3-metil-4-metil-d-glucopiranosil-1-metil
epifito	viviente que se desarrolla sobre otro vegetal.	la definición de viviente que se desarrolla sobre otro vegetal se refiere a un organismo que vive y se desarrolla sobre otro vegetal, como por ejemplo, un hongo que crece sobre la corteza de un árbol.
epifito	plantas que crecen en el aire sin depender directamente de la tierra, obteniendo su sustento principalmente del agua y la niebla. no desarrollan raíces que les den contacto directo con el suelo y se encuentran en áreas donde la falta de suelo es un factor limitante para las plantas no _.	las plantas epifitas son aquellas que crecen en el aire sin depender directamente de la tierra, obteniendo su sustento principalmente del agua y la niebla. no desarrollan raíces que les den contacto directo con el suelo y se encuentran en áreas donde la falta de suelo es un factor limitante para las plantas no epifitas.
epifito	planta perenne o anual de tallo voluble o rosado, que se origina y mantiene parcial o totalmente fuera de la masa de materia orgánica en materia de troncos, maderas, ramas y/o rocas. en una palabra, es una planta que crece sin alcanzar nunca el suelo sino que está parcial o totalmente adherida a una superficie, como por ejemplo, troncos	las plantas trepadoras son aquellas que crecen sin alcanzar nunca el suelo, sino que están parcial o totalmente adheridas a una superficie, como por ejemplo, troncos.
escorar	inclinar hacia la izquierda o hacia la derecha, o a ambas, un buque, barco, avión o otro artilugio.	giro, viraje, giro, giro, giro, giro, giro, giro, giro, giro, giro, giro, giro, giro, giro, giro, giro, giro, giro, giro, giro, giro, giro, giro, giro, giro, giro, giro, giro, giro,
escorar	dar un escoramiento	escoramiento escoramiento escoramiento
escorar	inclinar o torcer ligeramente la dirección de movimiento de un buque en el plano horizontal, generalmente efectuado voluntariamente por el timonel.	timonear timonel buque
escorar	heel) es el movimiento lateral hacia la borda de una embarcación (también llamada escora) bajo ciertas condiciones de achicamiento de la masa inercial (normalmente como consecuencia de un viraje) o como consecuencia de un cambio en los puntos de sustento. el efecto se debe principalmente a la transferencia lateral del centro de gravedad del casco. la palabra se deriva del término «holandés» del	holandés holandés holandés
escorar	inclinar un objeto hasta que una porción de la superficie que esté en contacto con otro objeto se mueva y quede expuesta el área del costado del objeto. se define generalmente como inclinación del objetivo fuera del punto de contacto hacia su centro de masas.	la inclinación es la medida de la cantidad de inclinación de un objeto. se define generalmente como la inclinación del objetivo fuera del punto de contacto hacia su centro de masas.
estadista	persona que ocupa un cargo público y toma decisiones importantes en la dirección del estado, o que es eminente en los asuntos de estado.	presidente primer ministro ministro secretario de estado canciller príncipe rey emperador dictador dictador gobernante
estadista	la palabra “_” es un término utilizado para describir a un líder o persona influyente en política y gobierno. un _ es alguien que se enfoca en asuntos de estado y política pública, con una profunda comprensión de las complejidades y relaciones internacionales. generalmente están guiados por la racionalidad y los principios morales, y buscan resolver los problemas y conflictos que enfrenta un estado o grupo de estados. los verdaderos _ muestran	líder, gobernante, presidente, primer ministro, dictador, monarca, emperador, canciller, ministro, secretario, vicepresidente, regente, jefe de estado, jefe de gobierno, jefe de estado, jefe de estado, jefe de estado, jefe de estado, jefe de estado, jefe de estado, jefe de estado, jefe de estado,
estadista	persona que aplica la ciencia política en la administración de asuntos gubernamentales o de una organización pública	político funcionario administrador
estadista	eres un experto en vocabulario del idioma español. por favor, da una definición de la palabra '_'.	la palabra _ es un sustantivo que se refiere a una persona que tiene un gran conocimiento o habilidad en un campo específico.
estadista	un _ es una persona que dirige asuntos de estado o tiene autoridad sobre temas de estado.	un presidente es una persona que dirige asuntos de estado o tiene autoridad sobre temas de estado.
esteatosis	exceso inofensivo de grasa en	exceso grasa inofensivo
esteatosis	lo siento, pero no puedo proporcionar una defensa a priori. para definir la expresión _ de una forma objetiva y concisa, podemos utilizar varias técnicas de definición en medicina, como el método de definición compuesta, el método de definición deductiva, el método de definición analítica y otras técnicas como la definición inductiva o por inclusión. sin embargo, para el caso propuesto, no es posible que el modelo conteste el	lo siento, pero no puedo proporcionar una defensa a priori. para definir la expresión _ de una forma objetiva y concisa, podemos utilizar varias técnicas de definición en medicina, como el método de definición compuesta, el método de definición deductiva, el método de definición analítica y otras técnicas como la definición inductiva o por inclusión. sin embargo, para el caso propuesto, no es posible que el modelo conteste el.
esteatosis	la estaetosis o steatosis es un nombre comúnmente utilizado para referirse a una enfermedad del hígado llamada acumulación de grasa en el hígado.	acumulación grasa hígado
esteatosis	un tipo de grasa que se acumula en forma de pequeños gránulos amarillos en las células epiteliales del intestino.	colesterol grasa intestino
esteatosis	_	la definición de bolígrafo es un instrumento de escritura que utiliza tinta y tiene una punta.
estuco	moldeado o entablado hecho por aplicación sobre una superficie a base de pasta compuesta, generalmente por cal mortero, yeso o guijarros machacados, a la que se mezclan otros aglutinantes, y que se emplea en escultura, mosaicos, paramentos y ornamentación interior o exterior	escayola, estuco, moldeado, paramento, ornamentación
estuco	el _ es un acabado de construcción que se aplica sobre superficies para crear diseños decorativos, también conocido como pintura yeso. con una apariencia similar a la de la escayola o el yeso, el _ se aplica mediante aire comprimido y endurece como una película dura. por lo general, se utiliza para el revestimiento interior, ya que se descascara fácilmente y se agrieta debido a la expansión del vapor del agua y el cambio en	pintura yeso
estuco	el _ o estucado es una pasta hecha con agua de cal, materiales aglutinantes y otros en polvo, utilizada como cobertura exterior o decorativa. se utiliza principalmente en paredes y techos de interiores de edificios, lo que sugiere una definición más general de su utilización en arquitectura.	estuco estucado
estuco	el _ (de stucco de st	el stucco es un tipo de material de construcción que se utiliza para decorar paredes y techos. se trata de una mezcla de agua y arcilla que se aplica sobre la superficie y se deja secar.
estuco	técnica de decoración o recubrimiento de paredes, techos o suelos en la que se aplica una pasta o una masilla sobre un encofrado, a la que se le da un tratamiento o pulido posteriormente, dando lugar a una superficie lisa y con acabado uniforme.	enlucido enlucido enlucido enlucido enlucido enlucido enlucido enlucido enlucido enlucido
exequias	las exequias son el evento o serie de ritos funerarios realizados para honrar a un difunto.	las exequias son el evento o serie de ritos funerarios realizados para honrar a un difunto.
exequias	la exequia es la ceremonia fúnebre de una persona, en la que asisten los familiares y amigos íntimos y se conmemora la vida del fallecido. es un rito destinado a despedir al difunto, acompañarlo en el último viaje y darle el cariño y el respeto que merece. a menudo va acompañada de un ritual de incineración o de sepultura, en el que el cuerpo del difunto es entregado a la tierra o al fuego como símb	funeral sepelio entierro cremación incineración
exequias	las exequias son el servicio religioso realizado en memoria de alguien ya fallecido, donde se honra a la persona, así como los ritos o las ceremonias que se llevan a cabo con el fin de darle descanso eterno a un difunto. también se puede referir a la parte de los funerales destinada a recordar al finado, sus méritos y virtudes, así como las muestras de respeto y consideración a su figura. por lo general, incluyen el uso de una placa, un nich	funeral memorial celebración servicio honor recordatorio memoria respeto figura placa nicho
exequias	"las exequias
es una ceremonia funeraria o evento conmemorativo que se presta a un difunto. la palabra exequias, que viene del latín exequias, designa la ceremonia religiosa y ritual de sepultura. con frecuencia, este ritos se celebra en el recinto del templo del fallecido o de su divinidad."	las exequias son una ceremonia funeraria o evento conmemorativo que se presta a un difunto. la palabra exequias, que viene del latín exequias, designa la ceremonia religiosa y ritual de sepultura. con frecuencia, este ritos se celebra en el recinto del templo del fallecido o de su divinidad.
exequias	las exequias o funerales son el funeral, velatorio, entierro y otros ritos en memoria de un difunto.	las exequias o funerales son el funeral, velatorio, entierro y otros ritos en memoria de un difunto.
faisánido	falconidae es una familia de aves rapaces. los faisanes y los pavos son los géneros mejor conocidos, pero en realidad la familia falconidae contiene más de 60 géneros y unos 153 especies. las aves de la familia falconidae son conocidas como _.	falconiformes
faisánido	orden de aves galliformes que comprende aproximadamente una veintena de especies distribuidas por todo el mundo, pertenecientes a la familia phasianidae. se caracterizan por estar completamente cubiertos de plumas y por tener, además de plumas en el borde de las plumas, un pliegue cutáneo desnudo y un manto de proporciones variables. los _ incluyen	avestruz pavo real pavo pato ganso
faisánido	un orden de aves (galliformes) del viejo mundo, las más de las cuales tienen plumaje brillante y el pico grueso y corto. se distinguen de las aves terrestres europeas y asiáticas no voladoras no pertenecientes a órdenes de aves marinas, reptiles, anfibios y peces por el número de huesos pélvicos, sujetos; también	fasiánidos fasiánidos fasiánidos
faisánido	familia de aves galliformes, que incluye los faisanes, pavos reales, y otras especies	faisán pavo real aves galliformes
faisánido	una cresta negra sostenida, dos coberteras azules brillantes con crestas negras, dos coberteras de	cresta cobertura cresta cobertura cresta cobertura
fétido	desagradable, asqueroso.	ese restaurante era asqueroso, la comida estaba podrida.
fétido	dicho de un alimento, de un producto o de un lugar: de olor desagradable y nauseabundo	fétido fétido fétido
fétido	_ es un adjetivo que se refiere a algo que tiene un olor desagradablemente fuerte y desagradable. se origina en la palabra latina fetidus, que se usa en inglés como adjetivo y significa de un mal olor demasiado fuerte. algunos sinónimos de _ son apestoso, nauseabundo y hediondo. se usa principalmente para describir algo como un alimento en descomposición, un animal muerto o un objeto sucio.	fétido fetor fetidez
fétido	desagradable, particularmente por su olor desagradable	desagradable maloliente
fétido	"_ es un adjetivo que describe un olor desagradable muy fuerte y descompuesto, propio de cosas corrompidas e insalubres, pero también se le otorga a sentimientos desagradables o de rechazo.
su vocablo proviene del latín foetidus (_), que a partir del griego φυή phylē (generación, progenie) formó la voz phyétida, que nombraba las partes hediondas y corrompid"	fétido fétida
floración	la _ es el proceso de formación de flores en una planta. durante este proceso, la planta desarrolla los órganos reproductores como flores y su parte vegetativa como tallos, hojas, raíces o bulbos.	la floración es el proceso de formación de flores en una planta. durante este proceso, la planta desarrolla los órganos reproductores como flores y su parte vegetativa como tallos, hojas, raíces o bulbos.
floración	el proceso de formación de flores	las flores se forman a partir de los pétalos, que son las partes de la flor que rodean el centro. los pétalos son a menudo de colores brillantes y atractivos, y a veces tienen un olor agradable. los pétalos pueden ser suaves o ásperos, y pueden estar presentes en una variedad de formas y tamaños.
floración	la palabra _ se refiere al proceso de desarrollo y crecimiento de las flores, normalmente en una planta. después de que una planta ha estado creciendo durante un tiempo y ha producido sus tallos y hojas, puede producir flores. estas flores pueden servir para fines como la reproducción de la planta y para permitir que la planta sea polinizada por diferentes insectos. la _ generalmente es una parte importante del ciclo de vida de una planta. es el momento en	floración florecimiento
floración	el acto o proceso de florecer es producido por la planta a través de la acumulación de sustancias nutritivas en los órganos del cuerpo, como son las raíces y la propagación de brotes o flores desde las yemas. la _ en los árboles frutales es importante, pues es en este proceso	el acto o proceso de florecer es producido por la planta a través de la acumulación de sustancias nutritivas en los órganos del cuerpo, como son las raíces y la propagación de brotes o flores desde las yemas. la floración en los árboles frutales es importante, pues es en este proceso donde se produce la formación de frutos.
floración	se refiere al proceso de formación y desarrollo de las flores de una planta. en este proceso, la planta prepara sus recursos para la producción de flores en un período determinado del año y luego produce, uno tras otro, la aparición de las flores por primera vez (florecimiento). la _ es uno de los métodos por los que las plantas pueden transmitir su estructura genética.	la floración es el proceso de formación y desarrollo de las flores de una planta. en este proceso, la planta prepara sus recursos para la producción de flores en un período determinado del año y luego produce, uno tras otro, la aparición de las flores por primera vez (florecimiento). la floración es uno de los métodos por los que las plantas pueden transmitir su estructura genética.
fotogramétrico	las películas y vídeos se pueden editar con precisión de fotogramas, al usar un software de edición de video _.	las películas y vídeos se pueden editar con precisión de fotogramas, al usar un software de edición de video.
fotogramétrico	que utiliza el empleo de fotografías para obtener información acerca de un objeto.	fotografía fotografía fotografía
fotogramétrico	_ es una descripción relativa a la fotogrametría, la medición y representación terrestre mediante imágenes. por ejemplo, tomar fotografías desde un satélite que luego se usan para deducir la superficie de la tierra al nivel detallado deseado.	la fotogrametría es una descripción relativa a la fotogrametría, la medición y representación terrestre mediante imágenes. por ejemplo, tomar fotografías desde un satélite que luego se usan para deducir la superficie de la tierra al nivel detallado deseado.
fotogramétrico	el término _ se refiere a métodos visuales y digitales de medición de distancias y alturas que utilizan fotografías o imágenes. estas técnicas incluyen la fotogrametría, el análisis de imágenes por satélite y otras formas de medición de la distancia basadas en imágenes. estas técnicas se utilizan en aplicaciones que van desde cartografía hasta ingeniería y construcción, aero y marítima, top	fotogrametría análisis de imágenes por satélite medición de la distancia basada en imágenes
fotogramétrico	el término _ se refiere al tipo de medición que utiliza fotogrametria, que es una disciplina que se centra en la generación de datos topográficos y cartográficos desde imágenes aéreas, terrestres o de satélite, permitiendo la obtención de una perspectiva aérea de la realidad a partir de un conjunto de fotogramas o imágenes similares tomadas normalmente desde una distancia fija y con una óptica similar. la fotogrametría	fotogrametría
funcionario	la palabra _ se refiere a una persona que trabaja para el gobierno, ya sea federal, estatal o local. _ es un término general que incluye a _ electos como políticos, así como a empleados públicos seleccionados como burócratas, administradores, técnicos y otros.	la palabra empleado público se refiere a una persona que trabaja para el gobierno, ya sea federal, estatal o local. un empleado público es un término general que incluye a políticos electos, así como a empleados públicos seleccionados como burócratas, administradores, técnicos y otros.
funcionario	_ - n. persona que desempeña un cargo administrativo o público.	- un funcionario.
funcionario	un _ es un individuo designado para desempeñar tareas gubernamentales o públicas en nombre de organizaciones u oficinas públicas.	un funcionario es un individuo designado para desempeñar tareas gubernamentales o públicas en nombre de organizaciones u oficinas públicas.
funcionario	persona encargada de las cuestiones administrativas o la gestión de una empresa. su cometido principal es tener un control exhaustivo de las tareas de oficina, documentación, archivo y correspondencia. estos trabajos suelen ser de tiempo completo.	secretaria administrativo oficina
funcionario	individuo designado por un gobierno o entidad civil para ocupar un cargo, ya sea de carácter ejecutivo, legislativo o judicial. este término se refiere a una persona contratada por una organización, estado o institución.	funcionario empleado trabajador empleado empleado empleado empleado empleado empleado empleado
gabato	gato casero	gato felino animal doméstico
gabato	eres un asistente en español y ayudas respondiendo con la mayor exactitud posible.	la definición de bolígrafo es un instrumento de escritura que utiliza tinta y tiene una punta.
gabato	término perteneciente al lenguaje coloquial usado en el argot de los deportes de argentina y chile, en particular en el fútbol. se utiliza para referirse de forma irrespetuosa a quienes juegan al fútbol y al básquetbol, dándoles el papel de niños pequeños que se divierten sin mayores aspiraciones. con un cierto toque de desprecio, el término implica faltar el respeto a lo que se considera un de	pibes pibes de la pelota pibes de la canasta
gabato	macho cabrío recién nacido	cabrito
gabato	v. _, ta. (de gabar). 1. adj. que da mucha risa, cómico, ridículo, grotesco. u. t. c. s. 2. adj. propio de dicha persona.	bufón bufonesco
garcilla	golondrina	golondrina
garcilla	no se ha proporcionado entrada.	no se ha proporcionado entrada.
garcilla	"nombre que se le da a diferentes aves del género circus. es originario de algunas partes de asia y áfrica, que fue introducida en australia. se trata  de aves de cuerpo pequeño a mediano, con forma de halcón, cola redondeada y pies, alas y cola con plumas largas que se extienden. tienen ojos grandes y pico largo y afilado.
el nombre se debe a la semejanza que tienen en su silb"	circus circus circus
garcilla	la _ (ardea minuta o sterna hirundo) es una especie de ave de la familia laridae, encontrada en toda la mayor parte de europa (donde es común y con gran distribución), norte y nordeste de áfrica (donde también es común) y en asia central (donde es rara).	ardilla golondrina golondrina común
garcilla	pájaro limícola que se alimenta de insectos, crustáceos y peces	gaviota corvina golondrina
giroscopio	un dispositivo mecánico que utiliza la propiedad de inercia intrínseca para mantener su orientación o eje de rotación en una posición constante en relación al tiempo o al espacio. por lo general, consiste en un disco giratorio masivo o una rueda libremente giratoria, alrededor de un eje en un plano fijo. la rotación de la rueda alrededor de un eje	un dispositivo mecánico que utiliza la propiedad de inercia intrínseca para mantener su orientación o eje de rotación en una posición constante en relación al tiempo o al espacio. por lo general, consiste en un disco giratorio masivo o una rueda libremente giratoria, alrededor de un eje en un plano fijo. la rotación de la rueda alrededor de un eje es mantenida por la propiedad de inercia intrínseca, lo que permite al
giroscopio	instrumento científico utilizado para medir y monitorear el movimiento y orientación de un objeto con respecto a un punto de referencia, utilizando un o dos discos que giran a alta velocidad y están equilibrados en un eje.	giroscopio giroscopio
giroscopio	un _ es un dispositivo que produce un momento de inercia al rotar sobre un eje a través de un espacio. este genera fuerzas de lorentz, lo que permite que la nave pueda mantener su orientación y estabilizarse de manera efectiva.	un giroscopio es un dispositivo que produce un momento de inercia al rotar sobre un eje a través de un espacio. este genera fuerzas de lorentz, lo que permite que la nave pueda mantener su orientación y estabilizarse de manera efectiva.
giroscopio	una fuerza centrífuga y una fuerza de precesión (o giroscópica). el _ se utiliza en los instrumentos de navegación para medir el movimiento angular del objeto, por ejemplo, para medir la inclinación, la dire	giroscopio
giroscopio	es un aparato que mide la tendencia a un objeto a mantenerse en rotación alrededor de un eje, y cuanto más rápido es la rotación, es más difícil pararla. se utiliza para guiar misiles y barcos y también para corregir la deriva de cohetes y satélites artificiales.	un giroscopio es un dispositivo que mide la tendencia de un objeto a mantenerse en rotación alrededor de un eje, y cuanto más rápido es la rotación, es más difícil pararla. se utiliza para guiar misiles y barcos y también para corregir la deriva de cohetes y satélites artificiales.
helenizante	que promueve o intenta promover ciertos conceptos relacionados con la cultura griega o que tiene como modelo al helenismo en cualquiera de sus aspectos, especialmente en la esfera social.	la definición de helenismo es un término que se refiere a la promoción o intento de promoción de ciertos conceptos relacionados con la cultura griega o que tienen como modelo al helenismo en cualquiera de sus aspectos, especialmente en la esfera social.
helenizante	"_
término o concepto que se asemeja conceptualmente o culturalmente a la historia y desarrollo del antiguo mundo heleno. no contiene derivados directos o indirectos de la palabra original."	la palabra helenismo es un término que se refiere a la historia y el desarrollo del mundo antiguo griego, sin derivados directos o indirectos de la palabra original.
helenizante	relativo a la helenización o la actitud _, proceso mediante el cual la cultura y el idioma griegos influyeron en pueblos no griegos, particularmente en asia menor, egipto y las regiones cercanas, durante los periodos arcaico, clásico y helenístico de la historia de grecia.	la helenización es el proceso mediante el cual la cultura y el idioma griegos influyeron en pueblos no griegos, particularmente en asia menor, egipto y las regiones cercanas, durante los periodos arcaico, clásico y helenístico de la historia de grecia.
helenizante	relativo o perteneciente a la helénization o helénico (de greco, griego), es decir, relativo a la helenización o el cultivo de ideas griegas	la helenización es el proceso de difusión de la cultura griega en el mundo antiguo, que se produjo a partir del siglo viii a. c. y se extendió hasta el siglo iii d. c. este proceso se dio principalmente en el mediterráneo oriental, en el que la cultura griega se extendió a través de la colonización y la expansión del imperio macedonio. la helenización se produjo a través de la difusión de la lengua griega, la adopción de la cultura griega y la ad
helenizante	el _ rey alejandro magno se adentró en la india con sus tropas en el proceso de helenización (introducción de la cultura griega).	el rey alejandro magno se adentró en la india con sus tropas en el proceso de helenización (introducción de la cultura griega).
hipogino	en la antigua grecia, un _ era una escultura griega que representa a humanos o criaturas míticas en posición semiagachada, mostrando la parte inferior del cuerpo similar a la de animales como ciervos, centauros, caballos, etc., y la parte superior creada a imagen del cuerpo humano.	la palabra kouros se refiere a una escultura griega que representa a humanos o criaturas míticas en posición semiagachada, mostrando la parte inferior del cuerpo similar a la de animales como ciervos, centauros, caballos, etc., y la parte superior creada a imagen del cuerpo humano.
hipogino	_ no existe.	no existe ninguna palabra que encaje con la definición dada.
hipogino	término no conocido.	no existe ninguna palabra en español que coincida con la definición dada.
hipogino	ὑπερ- y γυνή, ‘ser más que una mujer’) fue una figuración mitológica y literaria que fue desarrollada como contraposición a la amazona, y cuya característica principal era su género y sexualidad diferenciada.	la figura de la andrógina es una figuración mitológica y literaria que fue desarrollada como contraposición a la amazona, y cuya característica principal era su género y sexualidad diferenciada.
hipogino	problema que consiste en la escasez de estrógenos en las mujeres y en el nivel bajo de andrógenos en los hombres.	deficiencia de estrógenos deficiencia de andrógenos
incrustar	la definición del verbo encrustar es la acción y efecto de _, es decir, fijar en el interior de algo otro cuerpo más duro. esta acción implica un cierto grado de presión, que depende principalmente de la dureza y rigidez de los objetos implicados, por lo tanto se necesita un esfuerzo.	la definición del verbo encrustar es la acción y efecto de _fijar en el interior de algo otro cuerpo más duro_. esta acción implica un cierto grado de presión, que depende principalmente de la dureza y rigidez de los objetos implicados, por lo tanto se necesita un esfuerzo.
incrustar	la definición de _ es la acción de insertar una parte o pieza en algo más grande. por ejemplo, agregando joyas a la ropa, insertando una parte en una computadora o un dispositivo electrónico, o incorporando un programa en otro.	la definición de insertar es la acción de insertar una parte o pieza en algo más grande. por ejemplo, agregando joyas a la ropa, insertando una parte en una computadora o un dispositivo electrónico, o incorporando un programa en otro.
incrustar	introducir o insertar un objeto o una parte de un objeto en otro objeto o parte, con frecuencia fijándolo o recubriéndolo	introducir insertar fijar recubrir
incrustar	agregar una capa sólida a un objeto sin que se unan ambos materiales permanentemente, sino que se sostengan mutuamente sin ninguna adhesión.	pegamento colas pegamento
incrustar	un archivo binario _ es un elemento de datos inalterable e inmutable que incluye tanto el contenido léxico como el orden de una lengua natural.	un archivo binario es un elemento de datos inalterable e inmutable que incluye tanto el contenido léxico como el orden de una lengua natural.
intercadencia	la palabra _ no se encuentra en nuestro vocabulario. no hay información sobre el significado de esta palabra.	la palabra
intercadencia	la definición no debe mencionar usted la palabra original ni sus derivados directos o de familia léxica, si le interesa, de todas formas se lo indicaré.	la definición de la palabra bolígrafo es un instrumento de escritura que utiliza tinta y tiene una punta.
intercadencia	la _ es el número de veces que se repite un sonido dentro de un silencio en una escala musical dada. por ejemplo, una _ de 5 en una escala menor significa que el mismo sonido se repite 5 veces durante un silencio. esto puede afectar la forma en que se percibe la melodía y el tono general de la composición musical, ya que puede cambiar el ritmo y la melodía del sonido. la _ es una parte importante de la composición musical	nota, tono, melodía, composición musical
intercadencia	el intervalo de tiempo entre dos ciclos distintos o sucesivos es una medida de la variación de una señal, generalmente una señal de pulsación. es una magnitud importante para comprender la estabilidad de una fuente de pulsos y a veces se usa para determinar la precisión de un reloj.	el intervalo de tiempo entre dos ciclos distintos o sucesivos es una medida de la variación de una señal, generalmente una señal de pulsación. es una magnitud importante para comprender la estabilidad de una fuente de pulsos y a veces se usa para determinar la precisión de un reloj.
intercadencia	la palabra _ no tiene una definición propia en el diccionario de la rae, pero sí se puede entender como la sucesión regular de dos eventos diferentes. por ejemplo, una _ de colores es una secuencia de diferentes colores que se alternan en un ciclo repetitivo. una _ en un ritmo es una combinación de dos grupos de pulsos con una proporción fija.	la palabra secuencia no tiene una definición propia en el diccionario de la rae, pero sí se puede entender como la sucesión regular de dos eventos diferentes. por ejemplo, una secuencia de colores es una secuencia de diferentes colores que se alternan en un ciclo repetitivo. una secuencia en un ritmo es una combinación de dos grupos de pulsos con una proporción fija.
jaín	no es posible dar una definición para esta palabra, ya que no se ha proporcionado el contexto o la información completa relacionada con este término. _ es un sustantivo masculino en español, por lo que podría tener diversos significados. sin embargo, no proporciona suficiente información para determinar a qué se refiere. ¿podrías proporcionar algún contexto o información adicional sobre la palabra _? con gusto lo intentaría	lo siento, pero sin más información no puedo ayudarte.
jaín	//www.academia.edu/11615621/historia_m%c3%a9dica	historia, historia, historia, historia, historia, historia, historia, historia, historia, historia, historia, historia, historia, historia, historia, historia, historia, historia, historia, historia, historia, historia, historia, historia, historia, historia, historia, historia, historia, historia,
jaín	no	no se ha proporcionado una definición válida.
jaín	del hebr. yíḏṓḇ (lit., venerable). adj. perteneciente o relativo a los yadíes.	yadíes
jaín	la delgada.	"- delgado
- delgado
- delgado
- delgado
- delgado
- delgado
- delgado
- delgado
- delgado
- delgado
- delgado
- delgado
- delgado
- delgado
- delgado
- delgado
- delgado"
lipotimia	la _ es un desvanecimiento o desmayo de breve duración, causado por una alteración del sistema nervioso o cardiovascular, y caracterizado generalmente por cambios abruptos en la presión arterial. es frecuentemente provocada por factores como el stress o la fatiga, entre otros.	síncope desmayo desvanecimiento
lipotimia	_ es término médico que sirve para describir desmayos, pérdida de conocimiento y otras pérdidas de conciencia, producidas generalmente por causas de tipo fisiológico. en los casos de _ producidas por traumatismos o por exposición a humo, ésta puede ser una palabra muy útil para describir a los médicos las maneras como se han producido los desvanecimientos o los desmayos.	la palabra síncope es un término médico que se utiliza para describir desmayos, pérdida de conocimiento y otras pérdidas de conciencia, generalmente causadas por factores fisiológicos. en los casos de síncopes producidos por traumatismos o por exposición a humo, esta palabra puede ser muy útil para describir a los médicos las maneras en que se han producido los desvanecimientos o los desmayos.
lipotimia	la _ o pérdida de conocimiento se considera un desvanecimiento de tipo pasajero y por lo general, no suele durar más de unos pocos minutos.  el tipo más común es el denominado _ blanca, en el que se pierde un corto periodo de conciencia y el individuo se desploma, aunque puede que aún se siga per	la pérdida de conocimiento se considera un desvanecimiento de tipo pasajero y por lo general, no suele durar más de unos pocos minutos. el tipo más común es el denominado desvanecimiento blanco, en el que se pierde un corto periodo de conciencia y el individuo se desploma, aunque puede que aún se siga percibiendo el entorno.
lipotimia	el término _ se refiere a un estado de ligero desvanecimiento en el que la persona se siente mareada y falta de fuerza en el cuerpo mientras se derrumba. esto generalmente viene acompañado de una pérdida temporal de conocimiento.	el término desmayo se refiere a un estado de ligero desvanecimiento en el que la persona se siente mareada y falta de fuerza en el cuerpo mientras se derrumba. esto generalmente viene acompañado de una pérdida temporal de conocimiento.
lipotimia	(del b. lat. lippus, cadera, y timere, temer. ♦ m. medic.) pérdida de conocimiento accidental y transitoria, originada por un cambio súbito de la temperatura o por un repentino desequilibrio entre los gastos fisiológicos y la ingestión de alimentos.	desmayo
magnolia	_ - n. 1. árbol de hoja perenne de la familia magnoliaceae, oriundo de las regiones meridionales de asia oriental, que forma troncos, ramas y arbustos de hasta 30 metros de altura con hojas alternas, lanceoladas, de bordes aserrados, de 5 a 13 cm de largo. las flores son grandes, aromáticas, blancas con un tinte rosado y se doblan al tocarlas. los fr	árbol magnolia magnolio magnoliáceo magnoliácea
magnolia	_ es una lengua derivada del inglés, que fue inventada en 2002 por los estudiantes de lingüística de la universidad de nijmegen y que es una lengua artificial.	dómicil dómicili dómicili dómicili dómicili dómicili dómicili dómicili dómicili dómicili
magnolia	el término _ se refiere a un tipo de árbol de crecimiento lento y de corteza dura oriundo de asia y américa del norte. las flores de esta familia incluyen el género _, cuyos miembros vienen a ser los árboles de flor más grandes del mundo. los árboles de _ se encuentran asociados con zonas tropicales y subtropicales, como	árbol, árbol de flor, árbol de flor más grande del mundo, árbol de flor más grande, árbol de flor más grande, árbol de flor más grande del mundo, árbol de flor más grande, árbol de flor más grande, árbol de flor más grande, árbol de flor más grande, árbol de flor más grande, árbol de flor más grande, árbol de flor más grande, árbol de flor
magnolia	una planta siempreverde, de la familia de las magnoliáceas, originaria del sureste asiático, que presenta ciclos de crecimiento anual, con flores aterciopeladas, grandes, de diversos colores, dispuestas en grandes grupos en la parte más alta del tronco y el tallo central, seguidas de frutos en forma de bayas multisemillas.	la planta siempreverde es una planta de la familia de las magnoliáceas, originaria del sureste asiático, que presenta ciclos de crecimiento anual. sus flores son aterciopeladas, grandes, de diversos colores, dispuestas en grandes grupos en la parte más alta del tronco y el tallo central. estas flores son seguidas de frutos en forma de bayas multisemillas.
magnolia	se utiliza para calificar algo grande o muy significativo.	grande significativo
manes	los manes (el plural en latín era utilizado para referirse a los muchos espíritus), las larvas (pequeñas almas con el aspecto de una persona), y las lares (espíritus individuales más poderosos). man	manes larvas lare
manes	los manes son espíritus de muertos, deidades y almas fantasmales de la mitología e historia romana. no han sido identificados como entidades concretas y sus características no han dejado un rastro claro en el lenguaje del mundo moderno. no se les tiene por dioses en el sentido tradicional, sino más bien como espíritus. aunque su uso ha disminuido considerablemente en el lenguaje moderno, aún puede observarse en términos como 'fantasma', '	fantasma, espectro, espíritu, alma, aparición, fantasmagoría, fantasmagoría, fantasmagoría, fantasmagoría, fantasmagoría, fantasmagoría, fantasmagoría, fantasmagoría, fantasmagoría, fantasmagoría, fantasmagoría, fantasmagoría
manes	_) eran los espíritus de los antepasados (especialmente difuntos) en la religión romana. eran considerados responsables de proteger a la familia, especialmente en el círculo familiar, y también de la buena y mala suerte en general. los manes se consideraban como espíritus buenos, que deben ser reverenciados por aquellos vivos que dependen de ellos. sin embargo, cuando los muertos son perjudiciales	los manes son los espíritus de los antepasados en la religión romana. se les considera responsables de proteger a la familia y de la buena y mala suerte en general. los manes se consideran como espíritus buenos, que deben ser reverenciados por aquellos vivos que dependen de ellos. sin embargo, cuando los muertos son perjudiciales, se les considera como espíritus malos.
manes	en el contexto religioso romano, los manes eran los espíritus de los muertos, a los que se les rendía culto en la costumbre conocida como manía.	los manes eran los espíritus de los muertos en el contexto religioso romano. estos espíritus eran objeto de culto en la costumbre conocida como manía.
manes	en la mitología romana, son los espíritus de los antepasados fallecidos a los que se ofrecieron sacrificios y se rindió culto. se consideraban protectores y se invocaban tanto en caso de mal augurio como de buen augurio. el culto a los manes era un componente importante de los rituales de muerte y del culto a los antepasados en roma.	los manes son los espíritus de los antepasados fallecidos en la mitología romana. se les ofrecieron sacrificios y se les rindió culto. se consideraban protectores y se invocaban tanto en caso de mal augurio como de buen augurio. el culto a los manes era un componente importante de los rituales de muerte y del culto a los antepasados en roma.
meano	una expresion utilizada para mostrar interes o aprobacion por algo que otra persona ha hecho.	la expresión ¡bravo! es utilizada para mostrar interés o aprobación por algo que otra persona ha hecho. es una forma de reconocer y apreciar el esfuerzo y el logro de alguien.
meano	"_
   ,"	no existe ninguna palabra que encaje con la definición dada.
meano	mean	la palabra mean significa medio en inglés.
meano	_	la definición de bolígrafo es un instrumento de escritura que utiliza tinta y tiene una punta.
meano	el rio _ también conocido como el rio de la plata, fluye por la ciudad de mendoza hacia el este donde pasa debajo del puente san martín antes de dividirse en dos brazos a su paso por la ciudad de mendoza. actualmente el rio _ recibe aguas de una gran variedad de canales que llevan agua de los alpes y de los muchos lagos que hay en la zona occidental.	el río mendoza es un río de argentina que fluye por la ciudad de mendoza hacia el este, donde pasa debajo del puente san martín antes de dividirse en dos brazos a su paso por la ciudad de mendoza. actualmente, el río mendoza recibe aguas de una gran variedad de canales que llevan agua de los alpes y de los muchos lagos que hay en la zona occidental.
mediar	el verbo _ significa hacer de intermediario en una controversia o comunicar una proposición. término proveniente del medio latín mediāre que a su vez proviene del latín medius, que significa medio.	el verbo mediar significa hacer de intermediario en una controversia o comunicar una proposición. término proveniente del medio latín mediāre que a su vez proviene del latín medius, que significa medio.
mediar	actuar como intermediario para resolver una situación o conflict	mediador intermediario
mediar	_ es hacer algo o trabajar como mediador o mediadora (adjinero) para la resolución de una disputa entre dos partes.	la mediación es un proceso en el que una o varias personas, llamadas mediadores, intentan ayudar a dos o más partes a resolver una disputa o conflicto. los mediadores no tienen el poder de imponer una solución, sino que trabajan para ayudar a las partes a encontrar una solución que sea aceptable para ambas. la mediación es un proceso voluntario y confidencial, y las partes pueden retirarse en cualquier momento.
mediar	1. tratar de negociar o pacificar entre dos partes en conflicto.	mediación negociación pacificación
mediar	tomar parte entre dos o más partes para obtener un acuerdo	negociación acuerdo compromiso
mensualizar	el verbo _ se define como el acto de extender o hacer durar un tiempo mensual un servicio o experiencia. esta acción es común en la medida que las personas tienden a querer conservar aquellas cosas que les resultan más útiles, en esta instancia pagando por un tiempo mensual para conservarlo.	el verbo suscribir se define como el acto de extender o hacer durar un tiempo mensual un servicio o experiencia. esta acción es común en la medida que las personas tienden a querer conservar aquellas cosas que les resultan más útiles, en esta instancia pagando por un tiempo mensual para conservarlo.
mensualizar	_	la definición de bolígrafo es un instrumento de escritura que utiliza tinta y tiene una punta.
mensualizar	acción y efecto de _. acto por el cual se pasa cualquier concepto o retribución a cuotas abonables mensualmente.	la acción y efecto de un pago a cuotas mensuales es un crédito.
mensualizar	la palabra _ se refiere al proceso de dividir un pago grande en pagos más pequeños y manejables, que se pagan periódicamente durante un período de tiempo acordado.	la palabra amortización se refiere al proceso de dividir un pago grande en pagos más pequeños y manejables, que se pagan periódicamente durante un período de tiempo acordado.
mensualizar	establecer con regularidad un pago o factura durante un período de uno o varios meses	abono factura pago cuota tarifa
mesmerización	acción y efecto de mesmerizar. sometimiento de alguien a los efectos de la mirada o la presencia de otra persona	mesmerismo mesmerizar mesmerizado mesmerizante
mesmerización	_ - el proceso de inducir una relajación profunda mediante el uso de una combinación de técnicas de respiración, sonidos suaves, visualizaciones relajantes y estímulos auditivos. se utiliza para reducir el estrés, calmar la mente, reducir el dolor y promover la relajación corporal. también se utiliza como técnica curativa y para tratar algunas enfermedades.	la definición de relajación es un proceso de inducir una relajación profunda mediante la combinación de técnicas de respiración, sonidos suaves, visualizaciones relajantes y estímulos auditivos. se utiliza para reducir el estrés, calmar la mente, reducir el dolor y promover la relajación corporal. también se utiliza como técnica curativa y para tratar algunas enfermedades.
mesmerización	pérdida de la conciencia o concentración en respuesta a la influencia de una fuerza invisible o energía	la hipnosis es un estado de conciencia alterado en el que una persona pierde la conciencia o la concentración en respuesta a la influencia de una fuerza invisible o energía. este estado puede ser inducido por un hipnotizador o terapeuta, quien utiliza técnicas como la sugestión, la relajación y la concentración para llevar a la persona a un estado de trance. la hipnosis se utiliza en diversos campos, como la terapia, la investigación y el entretenimiento.
mesmerización	la _ es un proceso en el que una persona tiene el poder de influir en las creencias de otra mediante el control magnético o mental.	la sugestión es un proceso en el que una persona tiene el poder de influir en las creencias de otra mediante el control magnético o mental.
mesmerización	acción y efecto de mesmerizar. 2. f. fís. técnica hipnótica mediante la que, según su inventor, el médico alemán a. mesmer, se curaban ciertas enfermedades. 3. f. ficha o tarjeta donde un cliente de un cajero automático puede introducir un talón y retirar una cantidad de dinero en el caso de no tenerlo en	mesmerizar, mesmerismo, mesmerista, mesmerización, mesmerizador, mesmerizante, mesmerizado, mesmerizador, mesmerizador, mesmerizador, mesmerizador, mesmerizador, mesmerizador, mesmerizador, mesmerizador, mesmerizador, mesmerizador, mesmerizador, mesmerizador, mesmerizador, mesmerizador
mestizo	una persona que ha sido mezclada o que ha mestizado (que tiene una parentela mixta).	la palabra mestizo se refiere a una persona que ha sido mezclada o que ha mestizado (que tiene una parentela mixta). esta palabra tiene sus raíces en el español y se utiliza para describir a una persona que tiene una combinación de dos o más grupos étnicos o raciales.
mestizo	una persona de ascendencia mixta, comúnmente de dos etnias diferentes	mestizo mulato
mestizo	"(del español mestizaje, mezcla, y este del quichua mestis, criollo, _)
nacido del casamiento entre persona de raza distinta."	"la palabra mestizo proviene del español mestizaje, mezcla, y este del quichua mestis, criollo.

mestizo proviene del casamiento entre persona de raza distinta."
mestizo	"la palabra _ se refiere a una persona de ascendencia mixta, es decir, de padres o antepasados de dos o más etnias o razas diferentes. en esencia, se trata de una forma de racismo, ya que asume que es necesario la pureza étnica como ideal social.
por otra parte, la palabra _ es también utilizada por los judíos conversos en la época de los reyes católicos para describir su propia identidad. en cuanto a"	"la palabra mestizo se refiere a una persona de ascendencia mixta, es decir, de padres o antepasados de dos o más etnias o razas diferentes. en esencia, se trata de una forma de racismo, ya que asume que es necesario la pureza étnica como ideal social.

por otra parte, la palabra converso es también utilizada por los judíos conversos en la época de los reyes católicos para describir su propia identidad. en cuanto a"
mestizo	_ es una persona nacida de la unión de un hombre europeo y una mujer de américa latina.	la persona nacida de la unión de un hombre europeo y una mujer de américa latina se conoce como un mulato.
minuto	el _ es una unidad de medida de tiempo, que equivale a un sesentaavo de hora o a sesenta segundos. se utiliza en la mayoría de los sistemas de medida de todo el mundo para medir intervalos de tiempo. el término es de origen latino y se utiliza desde la antigüedad para medir diversas unidades de tiempo, pero no se adoptó formalmente como unidad de tiempo en los países de lengua española hasta el siglo xix.	el minuto es una unidad de medida de tiempo, que equivale a un sesentaavo de hora o a sesenta segundos. se utiliza en la mayoría de los sistemas de medida de todo el mundo para medir intervalos de tiempo. el término es de origen latino y se utiliza desde la antigüedad para medir diversas unidades de tiempo, pero no se adoptó formalmente como unidad de tiempo en los países de lengua española hasta el siglo xix.
minuto	un _ es la unidad de tiempo en el sistema métrico utilizado en todo el mundo y es el 60avo de una hora. tiene 60 segundos, y su símbolo es m.	minuto
minuto	unidad de tiempo equivalente a la 60a parte de una hora (60 min = 1 h). es una de las 24 horas del día y cuenta igual las horas en que está el sol en el cielo que las en que ya es de noche. la hora en tiempo solar puede variar un _, dependiendo de la latitud	minuto
minuto	1 (unidad de tiempo)	1 (unidad de tiempo)
minuto	el _ es el tiempo comprendido entre un golpe de campana y el siguiente, entre las doce del día (mediodía) y las doce de la noche. la idea de este _ corresponde a la medida del tiempo que se puso en vigor en los conventos de los siglos xiii y xiv, mediante el sistema de campanadas, con una en cada hora, una más larga que señalaba el comienzo de la hora y una serie de breves campanadas para señalar el tiempo transcurrido; entre ellas,	cuarto cuartillo cuartillo de hora
mochalero	el uso de esta palabra en colombia es común, por ejemplo en referencia al transporte.	el uso de esta palabra en colombia es común, por ejemplo en referencia al transporte.
mochalero	m. persona.	persona humano individuo
mochalero	el _ (certhia olivacea), conocido también como arquerillo, es una pequeña rapaz de tamaño medio perteneciente a la familia de los cerúlidos. se le encuentra a lo largo de toda la península ibérica y el sur de la misma, y se le suele observar en laderas empinadas y boscosas. el color de fondo del plumaje es principalmente canela, con una líneas transversales más oscuras o color gris	arquerillo cerúlido
mochalero	adj.	adjetivo
mochalero	noun	no se proporcionó una definición.
modisto	el _ es un creador de moda asexual y es una figura profesional.	el diseñador de moda es una figura profesional que crea diseños de ropa y accesorios para la moda.
modisto	persona de uno o varios sexos que diseña o copia ropa femenina para ser puesta en venta o utilizada por otras personas.	diseñadora de moda diseñadora de ropa diseñadora de moda femenina
modisto	'modiste') es una persona autorizada para diseñar o crear vestuario, es decir, es el diseñador de la ropa y de toda la línea de producción correspondiente a una marca.	la modista es una persona autorizada para diseñar o crear vestuario, es decir, es el diseñador de la ropa y de toda la línea de producción correspondiente a una marca.
modisto	_ se utiliza para describir la persona profesionalmente asociada con el diseño de prendas de moda, especialmente a mujeres con este interés. por lo que los diseñadores deben realizar una investigación para entender la industria de la moda, el diseño, los materiales y las técnicas de confección antes de realizar sus propios diseños.	los diseñadores de moda son profesionales que crean prendas de vestir, accesorios y otros artículos de moda. para ser un diseñador de moda, es necesario realizar una investigación para entender la industria de la moda, el diseño, los materiales y las técnicas de confección antes de realizar sus propios diseños.
modisto	1. en el lenguaje coloquial, artesano que hace bolsas o equipajes hechos de cuero. 2. en el mismo lenguaje, se denomina así a los zapateros, aunque su vocabulario real sea diferente.	bolsero zapatero
monásticamente	aislado o remoto	aislado remoto
monásticamente	relativo o perteneciente a una orden, comunidad o institución monástica.	monástico monacal monacense
monásticamente	un monasterio es una comunidad religiosa que vive en un solo lugar, generalmente sin acceso al exterior. también se denominan a los edificios que albergan a la comunidad.	monasterio monacato monacato monacato monacato monacato monacato monacato monacato monacato
monásticamente	la definición de _ depende de contexto, pero según el contexto dado, una definición apropiada sería con un estilo de vida monástico o como un monje. ¿le gustaría una definición más detallada y útil en otro contexto?	no, gracias.
monásticamente	se refiere a las actividades, rituales, códigos de conducta, estilos de vida, y costumbres de las personas que viven en comunidades monacales	"- monacal
- monacal
- monacal
- monacal
- monacal
- monacal
- monacal
- monacal
- monacal
- monacal
- monacal
- monacal
- monacal
- monacal
- monacal
-"
morra	_ también es conocido como la adivina, porque utiliza la mano izquierda para señalar las cosas.	la mano izquierda es conocida como la mano no dominante, ya que la mayoría de las personas utilizan la mano derecha para realizar tareas como escribir, comer, etc. sin embargo, la mano izquierda también puede ser utilizada para señalar objetos o cosas, lo que la convierte en una herramienta útil para la comunicación.
morra	la tradición de la _ como juego de apuestas entre jugadores que realizan simultáneamente los tres movimientos de pelado, piedra y tijeras ya se hallaba presente en los antiguos pobladores italianos de los estados unidos, según investigadores especializados.	la tradición de la piedra, papel o tijeras ya se hallaba presente en los antiguos pobladores italianos de los estados unidos, según investigadores especializados.
morra	suelo adherente de ciertas plantas, en granos, discos u otras partes generalmente laminar, que se adhieren a los pelos o a las superficies de los órganos de la planta con la que se encuentran por contacto. por regla general, la superficie de la _ presenta un esquema microscópico característico.	adherente laminar superficie esquema
morra	juego de azar en el que se apuesta a ver qué jugador acumula tres puntos, obtenidos cada vez que un jugador escapa de una o dos bofetadas de las que los otros dos le propinan. es preferible no decir no tiene morro durante el juego, porque la persona enfadada te obligará a aceptar el reto y te dará tres bofetadas.	el juego de las bofetadas es un juego de azar en el que se apuesta a ver quién acumula tres puntos, obtenidos cada vez que un jugador escapa de una o dos bofetadas de las que los otros dos le propinan. es preferible no decir no tiene morro durante el juego, porque la persona enfadada te obligará a aceptar el reto y te dará tres bofetadas.
morra	en la cultura popular brasileña, se refiere al rostro de una persona asustada u horrorizada, y a la vez es un sustantivo que sirve para llamar a este estado de ánimo de terror	en la cultura popular brasileña, el término cara de susto se refiere al rostro de una persona asustada u horrorizada, y también es un sustantivo que sirve para llamar a este estado de ánimo de terror.
nefólogo	"una persona muy versada o que estudia las nefrosis.
un _ es una persona con alto grado de conocimientos en nefrología. la nefrología es una especialidad médica que estudia el aparato urinario como parte de los sistemas renales que regula la composición del"	un nefrólogo es una persona muy versada o que estudia las nefrosis. la nefrología es una especialidad médica que estudia el aparato urinario como parte de los sistemas renales que regulan la composición del plasma sanguíneo.
nefólogo	_ — 1. persona culta que tiene estudios y dominio en el cultivo de las plantas. 2. el que tiene gran número de conocimientos y muchas lecturas y experiencias. 3. en algunas regiones de españa y centroamérica, persona culta que se dedica al estudio del folklore. 4. un especialista en la aplicación de la tecnología a un cierto campo.	"1. persona culta que tiene estudios y dominio en el cultivo de las plantas.
2. el que tiene gran número de conocimientos y muchas lecturas y experiencias.
3. en algunas regiones de españa y centroamérica, persona culta que se dedica al estudio del folklore.
4. un especialista en la aplicación de la tecnología a un cierto campo."
nefólogo	está claro que la palabra _ no está formada a partir de otras palabras. la palabra puede derivarse del griego νεφέλη, nube, y de la raíz de -λόγος el que habla. esta rama de la física podría significar estudio de las propiedades electrónicas de la materia dentro de las nubes de gas. en este sentido se entendería como la ciencia que estudia cómo se comportan los electrones dentro de	la palabra electrónica no está formada a partir de otras palabras. la palabra puede derivarse del griego νεφέλη, nube, y de la raíz de -λόγος el que habla. esta rama de la física podría significar estudio de las propiedades electrónicas de la materia dentro de las nubes de gas. en este sentido se entendería como la ciencia que estudia cómo se comportan los electrones dentro de las nubes de gas
nefólogo	_ o nefrología - palabra derivada de néphron, que significa riñón y de la sufija -logía, que significa estudio. la nefrología es la rama de la medicina que se encarga del cuidado de los pacientes con enfermedades del sistema renomad.	la nefrología es la rama de la medicina que se encarga del cuidado de los pacientes con enfermedades del sistema renomad.
nefólogo	"_ es el especialista en enfermedades renales.
es persona que ha cursado sus estudios de medicina y se especializa en estudios y tratamientos de enfermedades del sistema urogenital."	el nefrólogo es el especialista en enfermedades renales. es persona que ha cursado sus estudios de medicina y se especializa en estudios y tratamientos de enfermedades del sistema urogenital.
novatada	acción o acontecimiento que marca el comienzo de una actividad o período.	inicio comienzo iniciación
novatada	acción o experiencia por la cual se hace sufrir de alguna manera al novato para probar su capacidad o voluntad.	la iniciación es una acción o experiencia por la cual se hace sufrir de alguna manera al novato para probar su capacidad o voluntad.
novatada	en el ámbito académico, una _ es una broma o actividad humillante que se les hace tradicionalmente a los nuevos alumnos (novatos) o a los alumnos que inician su segundo año de carrera, como manera de recibirlos y darles la bienvenida al grupo o facultad. actualmente, se condena y previene este tipo de actos o bromas estudiantiles que pongan en	la definición de novatada es una broma o actividad humillante que se les hace tradicionalmente a los nuevos alumnos (novatos) o a los alumnos que inician su segundo año de carrera, como manera de recibirlos y darles la bienvenida al grupo o facultad. actualmente, se condena y previene este tipo de actos o bromas estudiantiles que pongan en peligro la integridad física o psicológica de los alumnos.
novatada	"acto en el que un estudiante novato es objeto de burlas y castigos por parte de estudiantes de últimos cursos con el propósito de burlarse de él.
ejemplo de _ es el de realizar un doble de novato, en el que engañan a un novato para que crea que debe hacer algo en nombre de la universidad, como desfilar con otros estudiantes de primer año"	la definición de novatada es un acto en el que un estudiante novato es objeto de burlas y castigos por parte de estudiantes de últimos cursos con el propósito de burlarse de él. un ejemplo de novatada es el de realizar un doble de novato, en el que engañan a un novato para que crea que debe hacer algo en nombre de la universidad, como desfilar con otros estudiantes de primer año.
novatada	una _ es un tipo de broma que se realiza a un estudiante novato o a alguien que se está iniciando en una actividad, como una fraternidad o un equipo deportivo. las _ suelen involucrar elementos de humillación, intimidación, o maltrato emocional o físico.	las novatadas son una forma de broma que se le hace a un estudiante novato o a alguien que se está iniciando en una actividad, como una fraternidad o un equipo deportivo. las novatadas suelen involucrar elementos de humillación, intimidación, o maltrato emocional o físico.
ovni	_ es un siglas formadas por las iniciales de la expresión objeto volante no identificado y es un término utilizado en los testimonios de los observadores de fenómenos celestes inexplicables o que rehúsan una explicación convencional, que pueden ser atribuibles a errores de observación, fenómenos meteorológicos, efectos visuales o psicológicos, aviones con trayectoria inexplicable o desconocida tecnología.	ovni objeto volante no identificado
ovni	objeto volador no identificado (un término acuñado en la década de 1950 por oficiales militares y pilotos profesionales) es un término de la ufología que hace referencia a un fenómeno percibido visual o electrónicamente que desafía las nociones de aviación moderna y aparentemente no puede ser identificado con un fenómeno natural.	ovni platillo volante objeto volador no identificado
ovni	'vehículo supuestamente extraterrestre que ha sido visto en el cielo, a menudo en unidades de avistamiento múltiples y habitualmente identificado por testigos presenciales.'	la nave nodriza es un término utilizado para describir un vehículo supuestamente extraterrestre que ha sido visto en el cielo, a menudo en unidades de avistamiento múltiple y habitualmente identificado por testigos presenciales. aunque no hay pruebas concluyentes de la existencia de naves nodrizas, se han informado avistamientos de objetos no identificados en el cielo que podrían ser naves nodrizas.
ovni	un objeto aéreo desconocido y no comúnmente comprendido, que ha sido avistado en los cielos y ocasionalmente sujeto a discusión, especulación y conjetura.	ovni platillo volador objeto aéreo no identificado
ovni	objeto volador no identificado (_)	no existe ninguna palabra que encaje con la definición dada.
pagar	satisfacer o cumplir una deuda económica	pagar saldar deuda
pagar	"_ significa cancelar una deuda o un compromiso, como un pago de utilidades, un depósito o bienes o un pago de impuestos, o un depósito para evitar una pérdida.
_ es una verbo regular en español con la conjugación yo pago, tú _, él/ella _, nosotros/as _, ustedes _ y ellos/ellas _, usando una partícula gu antes de la a final como una alternativa com"	la palabra pagar es un verbo regular en español con la conjugación yo pago, tú pagas, él/ella paga, nosotros/as pagamos, ustedes pagan y ellos/ellas pagan. la partícula gu se utiliza como una alternativa a la a final en la tercera persona del singular y la segunda persona del plural. por lo tanto, la respuesta correcta es pagas.
pagar	efectuar el pago de una deuda o cantidad de dinero debida.	pagar deuda dinero
pagar	satisfacer la cantidad que se adeuda a alguien como fruto de una operación monetaria	pagar deuda operación monetaria
pagar	poner en práctica una deuda, abonar un importe, dar compensación, dar recompensa o recompensa, tener en cuenta el tiempo o las circunstancias, cumplir las obligaciones o _ las facturas a tiempo	"- pagar
- abonar
- dar compensación
- dar recompensa
- tener en cuenta
- cumplir las obligaciones
- cumplir las facturas a tiempo"
paleteo	_ - (adj) que consiste en emplear pala (herramienta útil para la movilidad del agua). el _ sucede cuando una masa densa flotante, como una capa de hielo, es empujada o movida de un lugar a otro debido a un viento o a una corriente de agua.	el término ice drift (deriva del hielo) se refiere a la deriva de una masa de hielo flotante, como una capa de hielo, debido a un viento o a una corriente de agua.
paleteo	acción de golpear algo con un palete.	la acción de golpear algo con un palete se llama golpear con un palete. este verbo se utiliza para describir la acción de golpear algo con un palete, que es un instrumento de escritura que utiliza tinta y tiene una punta.
paleteo	por ejemplo, cuando van al cine, cenan un día al mes y se van de vacaciones cuando alguien los invita.	amigos cenan vacaciones
paleteo	"- la definición debe ser objetiva y clara.
- usa entre 5 y 25 palabras.
- la definición generada no debe incluir la palabra original ni derivados directos o family léxica."	la definición debe ser objetiva y clara. usa entre 5 y 25 palabras. la definición generada no debe incluir la palabra original ni derivados directos o family léxica.
paleteo	_ = conjunto de medidas que de acuerdo con su naturaleza y propiedades, tienen como fin primordial, proteger la seguridad de las personas y bienes, en situaciones peligrosas, que pueden comprometer la vida, el bienestar, la integridad física y el futuro de las comunidades que habitan en las inmediaciones o cercanías, las cuales han tenido que sufrir las pérdidas ocasionadas por las fuertes lluvias, que han causado daños en	la definición que me has dado es muy larga y no se entiende bien. ¿podrías resumirla?
palmítico	contenido en ácidos grasos _	mantequilla aceite grasa
palmítico	_ se refiere a un ácido graso de cadena media que se encuentra en la grasa y el aceite de palma, y también en productos lácteos y carne, y tiene una estructura química similar al laurín y al mirístico. en la industria alimentaria, se utiliza el aceite _ o una mezcla de ácidos grasos _ con otros ácidos grasos para producir alimentos con gusto agradable y propiedades nutritivas.	la palabra palmitato se refiere a un ácido graso de cadena media que se encuentra en la grasa y el aceite de palma, y también en productos lácteos y carne. tiene una estructura química similar al laurín y al mirístico. en la industria alimentaria, se utiliza el aceite palmitato o una mezcla de ácidos grasos palmitato con otros ácidos grasos para producir alimentos con gusto agradable y propiedades nutritivas.
palmítico	pertinentes a la palma (planta)	palma palmera palmiche palmito palmeado
palmítico	"perteneciente o relativo a la palma.
procedente de una palma
relativo a un compuesto del ácido _"	la palabra palmitato es un compuesto químico que se encuentra en la grasa de la palma. es un ácido graso que se utiliza en la fabricación de jabones y otros productos de cuidado personal.
palmítico	adj. quím. perteneciente o relativo a la palmitina o a ningún otro hidrocarburo sólido de cadena larga. sustancia _. síntesis _	alquitranes alquitranes orgánicos
paralogismo	(definición sin usar la palabra ni su familia léxica)	la definición de instrumento de escritura que utiliza tinta y tiene una punta es un bolígrafo, una pluma o una estilográfica.
paralogismo	argumento falaz, es decir, aquel que parece argumento válido pero que no lo es porque su formación no es correcta o no se cumplen sus propias premisas.	sofisma argumento falaz argumento sofístico
paralogismo	"estimado usuario,
dado que el concepto de _ parece tener un sentido bastante amplio, y es difícil encontrarlo en otras lenguas, optaré por darle una respuesta más amplia con lo que entendemos en la actualidad por los usos de la palabra en filosofía, que he tomado de fuentes que he traducido de alemán al inglés, y al inglés al español. espero que os sirva, de todas formas, si lo consider"	¡hola! soy open assistant, un modelo de lenguaje entrenado por la comunidad. ¿en qué puedo ayudarte hoy?
paralogismo	término lógico que describe una argumentación defectuosa. se utiliza en filosofía y lógica para describir una cadena de razonamiento que parece plausible en la superficie, pero de hecho contiene un error lógico. un ejemplo sería concluir que todo lo que tiene una propiedad, debe tener otra propiedad, sin considerar la posibilidad de que algo no la tenga. otro ejemplo	falacia argumento defectuoso lógica filosofía
paralogismo	argumento que pretende ser racional, pero que, con frecuencia, es ilógico. se caracteriza por no seguir las reglas convencionalmente asociadas con la lógica.	sofisma argumento sofista
pasarratos	pasar con cuidado a través de los obstáculos.	cuidado obstáculos
pasarratos	una persona que camina en la forma	pedestre pedestre
pasarratos	1. (de pasar y rato). m. col., c. rica, hond., méx., el salv. y nic. programa de televisión o radio que se ve o escucha durante una estancia en un sitio o cuando se hace una cosa.	programa televisión radio estancia cosa
pasarratos	1. acción de pasar por algún lugar o de recorrerlo. | 2. acción y efecto de pasar a otro estado o situación.	pasar cambiar cruzar traspasar atravesar
pasarratos	la capacidad de transferir o compartir información o conocimiento de forma rápida y fluida	la capacidad de transferir o compartir información o conocimiento de forma rápida y fluida se conoce como comunicación. esta capacidad es esencial para la interacción humana y la colaboración, y permite a las personas compartir información y conocimientos de manera eficiente y efectiva. la comunicación puede tomar muchas formas, incluyendo el lenguaje hablado, escrito, gestual y visual. la comunicación es un componente clave en la vida humana y es esencial para la
perrillo	perro pequeño y, por lo general, manso	perro manso
perrillo	el _ es un animal de compañía que debería ser llamado por su nombre, porque la palabra tiene un tono peyorativo.	el gato es un animal de compañía que debería ser llamado por su nombre, porque la palabra tiene un tono peyorativo.
perrillo	perteneciente o relativo al perro, especialmente en relación con el pequeño; mascota, animales domésticos, especie animal	perro mascota animales domésticos especie animal
perrillo	un perro pequeño y juguetón,	cachorro perro juguetón
perrillo	mamífero carnívoro doméstico con orejas puntiagudas, esbelto cuerpo y larga cola enroscada. el _ es manso, juguetón y obediente; acompaña a su amo y le sirve de guardián.	el animal que se describe en la definición es un perro.
pezuña	un pezuño es la _, un pie duro del que poseen ciertos animales para andar sobre terrenos arenosos o para aferrarse al suelo en su huida de los predadores, generalmente bípedos. existen diversas formas de _, como la de las ovejas que es cónica y con una parte plana más o menos larga en la parte distal, y afilada para poder huir de sus perseguidores sin resbalar, o la de los caballos	pezuña casco pata zarpa garra
pezuña	formación ósea de terminación puntiaguda presente en extremidades inferiores de animales con patas.	garra, zarpa, pezuña, pezuña, pata, pata, pata, pata, pata, pata, pata, pata, pata, pata, pata, pata, pata, pata, pata, pata, pata, pata, pata, pata, pata, pata, pata, pata, pata,
pezuña	extremidad del pie de los mamíferos cubierta de una coraza de queratina y que termina en una única uña gruesa.	pezuña casco pata zarpa garra
pezuña	la palabra pecuña hace referencia a la articulación que realiza una unión, es decir, a una unión entre dos piezas que la conforman. esta articulación puede estar formada por huesos, cartílagos o tejido conjuntivo, y puede ser variable dependiendo del organismo. la palabra pecuña es especialmente utilizada en el área de la medicina y la salud, donde se utilizan términos anatómicos de esta manera.	la palabra pecuña hace referencia a la articulación que realiza una unión, es decir, a una unión entre dos piezas que la conforman. esta articulación puede estar formada por huesos, cartílagos o tejido conjuntivo, y puede ser variable dependiendo del organismo. la palabra pecuña es especialmente utilizada en el área de la medicina y la salud, donde se utilizan términos anatómicos de esta manera.
pezuña	especie de cascos duros y sin separaciones de los dedos, hendidos de arriba abajo y a la parte posterior, que tienen los artiodáctilos (_ dividida en dos) y oprobáctidos (_ dividida en una), y que en el cerdo es muy semejante, y en general tiene una extensión longitudinal en el centro, pudiendo o no tener uña. están cubiertos por la pe	casco, pezuña
pinabete	el _ es un nombre común en américa del norte para designar un árbol de hojas perennes, en ocasiones también llamado pino blanco occidental, proveniente de la género de coníferas de la familia de las pináceas, con el nombre científico de pinus contorta.	pino blanco occidental pino blanco pino contorta
pinabete	especie de abeto de hoja perenne, que puede llegar a medir entre 20 y 25 m de altura e ir acompañado de un tronco de 60 cm a 1 m de diámetro. se distingue, entre otros rasgos, por producir piñas elipsoidales de 8 a 15 cm y con una caperuza de color verde o marrón oscuras.	abeto pino pícea
pinabete	arbusto de conífera de hojas suculentas, de la familia de las compuestas; suele tener forma piramidal y crece hasta dos metros de alzada.	arbusto conífera hojas suculentas familia compuestas forma piramidal crece dos metros alzada
pinabete	_, (de pin de mesa), m. 1. abeto blanco o blanquecino, de poco porte y gran ramaje, que se adapta a los jardines y se cultiva mucho. 2. planta de esta especie cultivada.	abeto abeto blanco abeto blanquecino abeto de jardín
pinabete	la esencia o agua de _.	la esencia o agua de colonia es un producto que se utiliza para perfumar la piel y que se aplica en zonas como el cuello, las muñecas, detrás de las orejas y en el pecho. se caracteriza por su aroma suave y fresco, y se utiliza para dar un toque de elegancia y distinción.
pitahaya	planta cactácea con flores de colores intensos que dan como fruto la _	fruto fruits fruit
pitahaya	_ es una planta de uso doméstico que se suele cultar en huertas para su producción de frutos. de sus frutos se pueden obtener alimento para humanos así como para animales domésticos. los gatos, en especial, suelen mostrar una preferencia por los frutos de la _ acompañados de otros alimentos. los frutos de la _ son un recurso altamente útil para la vida de los gatos. son ricos en nutrientes como azúcares	tomate
pitahaya	también llamada pita o fruta estrella, es un fruto rojo y carnoso con una pulpa dulce que se asemeja a uvas pequeñas	fruta estrella pita uvas
pitahaya	la palabra pitahaya proviene del término tarahumara pita'áyá, que significa fruta grande y madura. las _ (también conocidas como pitáyas, peytayas o pitaías) son frutas tropicales carnosas originarias de sudamérica, en particular de brasil, uruguay, paraguay y argentina, donde se cultivan tanto en plantaciones como en huertos caseros en países como bolivia, perú y e	pitahaya pitáyas peytayas pitaías
pitahaya	planta tropical perteneciente al género del cactus que crece principalmente en américa central. puede llegar a unos 20 cm de altura y produce frutos en forma de pera con pequeñas semillas. se conoce por el color naranja rojizo de su piel. pertenece a la familia de las cactáceas.	cactus cactácea
postrar	hacer que alguien se arrodille o se tienda en el suelo como muestra de respeto o sumisión.	la definición de la palabra postrarse es hacer que alguien se arrodille o se tienda en el suelo como muestra de respeto o sumisión.
postrar	inclinarse, inclinar o doblar much	inclinarse inclinar doblar
postrar	adorar u homenajear a alguien o algo. ponerse de rodillas o de otra manera en señal de respeto.	adorar homenajear rodillas respeto
postrar	informar, reportar.	informar, reportar, noticiar, narrar, contar, relatar, describir, detallar, describir, describir, describir, describir, describir, describir, describir, describir, describir, describir, describir, describir, describir, describir, describir, describir, describir, describir, describir, describir, describir, describir, describir, describir, describir, describir, describir, describir, describir, describir, describir, describir, describir, describir
postrar	caer al suelo violentamente, por accidente o por otra causa, y perder el conocimiento.	desmayarse perder el conocimiento
prédica	el predicado o predicación, también conocido como _ (sustantivo o predicado) en la filosofía de leibniz, se refiere al resultado de un proceso en el cual las cosas individuales o sus partes se manifiestan como algo perceptible u ordinariamente inteligible (de la misma manera que, en el terreno estético, a veces podemos denominar «predicado» de una obra de arte lo que es ajeno a ella, aunque nos hable de ella y sea parte esencial	predicado, predicación, predicación, predicación, predicación, predicación, predicación, predicación, predicación, predicación, predicación, predicación, predicación, predicación, predicación, predicación, predicación, predicación, predicación, predicación, predicación, predicación, predicación, predicación,
prédica	el término prédica no es muy conocido y no tiene nada que ver con las relaciones matrimoniales.	el término prédica no es muy conocido y no tiene nada que ver con las relaciones matrimoniales.
prédica	discurso que predica el evangelio. pronunciamiento oficial de las opiniones o principios de alguien.	la encíclica es un discurso que predica el evangelio. es un pronunciamiento oficial de las opiniones o principios de alguien.
prédica	el hecho de exponer algunas normas o recomendaciones para el correcto desarrollo de una actividad, dada su importancia para un asunto en particular.	el desarrollo de una actividad es importante para un asunto en particular, ya que puede ayudar a garantizar su éxito y eficiencia. al establecer normas y recomendaciones para el correcto desarrollo de una actividad, se puede asegurar que se cumplan los objetivos deseados y se eviten posibles problemas o errores. además, el desarrollo de una actividad puede ayudar a garantizar la calidad y la consistencia en el trabajo, lo que puede ser beneficioso para
prédica	acción y efecto de predicar	predicar predicación
prolongador	dispositivo mecánico o electrónico que se utiliza para extender temporalmente la duración o fuerza de algo que está al final de una línea, como un brazo.	extensor extensión extensible
prolongador	dispositivo utilizado para alargar la velocidad de transmisión de datos en una red o conexión en particular, a menudo como parte de una estrategia de escala o descarga.	acelerador de red acelerador de conexión acelerador de datos
prolongador	una estructura larga y estrecha usada en el deporte de la natación para ayudar a desplegar los brazos más lejos, cubriendo más agua durante las brazadas, y generando por lo tanto más velocidad	braza brazo nadador nadadora
prolongador	un objeto en forma de cilindro o tubo que se usa para estirar o aumentar el tamaño de una parte del cuerpo humano	pipa tubo cilindro
prolongador	un _ es un método de intervención de frenos de bicicleta que permite prolongar la longitud del freno sin necesidad de modificar la rueda o los frenos. los _ están disponibles en varios tamaños para adaptarse a diversas situaciones, como el número de dientes del piñón, el espacio disponible entre el piñón y el pedal, el tipo de frenos y la geometría del cuadro de la bicicleta. al prolongar el freno, el	extensión de frenos extensión de frenos de bicicleta
provinciano	la palabra _ es un adjetivo que indica alguien que es propio o perteneciente a una provincia. proviene del latín provincianus, que significa próximo en el sentido de que está cerca o controla algo más grande, derivado a su vez de provincia, y este a su vez del latín provinciare, -aeri, o prospectar desde.	la palabra provinciano es un adjetivo que indica a alguien que es propio o perteneciente a una provincia. proviene del latín provincianus, que significa próximo en el sentido de que está cerca o controla algo más grande, derivado a su vez de provincia, y este a su vez del latín provincia, y este a su vez del latín provincia, y este a su vez del latín provincia, y este a su vez del latín provincia
provinciano	ser natural de o	natural nacido nacida
provinciano	_	la definición de bolígrafo es un instrumento de escritura que utiliza tinta y tiene una punta.
provinciano	el término provincia hace referencia a una circunscripción territorial, generalmente menor a una nación y mayor a un municipio o ciudad dada. las provincias son administradas por funcionarios que realizan ciertas tareas en nombre del estado o gobierno federal. los habitantes de las provincias a menudo se les llama _. se suele decir que son menos diversos y menos urbanizados que personas que viven en áreas más pequeñas o ciudades. a menudo se asocian con una cultura particular	provinciano provinciano provinciano
provinciano	"_
persona que sólo está familiarizada con el mundo y las circunstancias de su distrito o provincias inmediatas"	la persona que está familiarizada con el mundo y las circunstancias de su distrito o provincias inmediatas es un residente local.
puzzle	un rompecabezas, un conjunto de piezas o fragmentos de información que se deben combinar para que el conjunto adquiera sentido.	rompecabezas acertijo adivinanza
puzzle	_ (es. puzle), del inglés _, es un término que en español aúna los sentidos de acertijo y rompecabezas. así pues, una acción de _ implica reunir piezas de un rompecabezas para formar un diseño o figura determinada.	el término puzzle en español es un acertijo o rompecabezas.
puzzle	(adj.) - un _, jeroglífico o desafío que requiere un análisis profundo e imaginativo para resolver. (n.) - serie de piezas, habitualmente de plástico, metal u otra sustancia, que al ensamblarse forman una figura o representación.	acertijo puzzle
puzzle	el _ es un esquema, diseño o patrón que busca ser recreado a través de piezas independientes. el _ requiere de cierta inteligencia y estrategia para poder ser resuelto.	el tetris es un juego de rompecabezas que requiere de cierta inteligencia y estrategia para ser resuelto. el objetivo del juego es colocar piezas de forma que encajen entre sí y formen una fila completa. el juego se vuelve más desafiante a medida que las piezas se vuelven más complejas y el tiempo se agota.
puzzle	juego inventado en inglaterra en 1931, y se trataba de una lámina de gran tamaño con una escena montañosa que se dividía en 1 000 trozos o más, para el montaje. el primer juego que aparece en la revista de juegos, noviembre de 1958, en francia.	el juego de montaje es un juego de mesa inventado en inglaterra en 1931. consiste en una lámina de gran tamaño con una escena montañosa que se divide en 1 000 trozos o más, para el montaje. el primer juego que aparece en la revista de juegos, noviembre de 1958, en francia.
quepis	la definición del término _ es sombrero militar femenino utilizado por ciertas clases del ejército y similares.	la definición del término sombrero militar femenino es un tipo de sombrero utilizado por ciertas clases del ejército y similares.
quepis	la palabra _ es un gorro alto de tela o tejido, redondo o ligeramente abovedado, sin ala y con visera recta y rígida. es típico del uniforme de las ramas de servicio del ejército de la france y la gendarmerie, pero está siendo progresivamente reemplazado por otras prendas de cabeza.	la palabra casco es un gorro alto de tela o tejido, redondo o ligeramente abovedado, sin ala y con visera recta y rígida. es típico del uniforme de las ramas de servicio del ejército de la france y la gendarmerie, pero está siendo progresivamente reemplazado por otras prendas de cabeza.
quepis	el _ es una gorra cuya copa es del mismo tamaño en todas sus direcciones. es muy sólida en el cono superior y generalmente tiene un poco de pelusa hacia su boca. los _ se caracterizan por su dureza, ligereza y sobriedad. son adecuados para llevar durante actividades físicas y como prenda de estilo, ya que combinan con varios diseños y son ideales para el verano debido a su capacidad para absorber la humedad. ad	gorra, gorra de béisbol, gorra de béisbol, gorra de béisbol, gorra de béisbol, gorra de béisbol, gorra de béisbol, gorra de béisbol, gorra de béisbol, gorra de béisbol, gorra de béisbol, gorra de béisbol, gorra de béisbol, gorra de béisbol
quepis	el _ es un sombrero típico militar de origen francés utilizado en diferentes países. tiene forma cónica con un ala derecha más alta que la izquierda, y puede ser de tela, cuero o fieltro. en algunos lugares, como suiza, se utiliza como símbolo de la autoridad policial, mientras que en otros, como italia, se lo asocia con la guardia suiza.	el sombrero de tres picos es un sombrero típico militar de origen francés utilizado en diferentes países. tiene forma cónica con un ala derecha más alta que la izquierda, y puede ser de tela, cuero o fieltro. en algunos lugares, como suiza, se utiliza como símbolo de la autoridad policial, mientras que en otros, como italia, se lo asocia con la guardia suiza.
quepis	sombrero usado típicamente como parte del uniforme de los militares, especialmente durante la guerra civil francesa. se elabora con tela gruesa y es ajustable para adaptarse a diferentes tamaños de cabeza. presenta un frente cónico, el cual varía en ángulo, profundidad y tamaño dependiendo del estilo y época. el _ puede tener una corona redonda o semiesférica,	sombrero gorra gorra de plato gorra militar gorra de béisbol
raor	el _ es una máquina de afeitar circular de alta velocidad con varias cuchillas que se mueven en círculos para cortar el pelo cuando se frota la cara con un movimiento de arriba a abajo.	la máquina de afeitar es un dispositivo que se utiliza para afeitarse la barba. tiene varias cuchillas que se mueven en círculos para cortar el pelo cuando se frota la cara con un movimiento de arriba a abajo.
raor	del latín rapere, que viento se lleva	rapidez viento rápido
raor	_ es un término despectivo para denotar a una persona o cosa de baja calidad.	basura basurero basurero basurero basurero basurero basurero basurero basurero basurero
raor	v. intr. coloq. dicho de una persona: cometer un gran error, equivocarse o fracasar en algo. sinónimos: fastidiarse, meter la pata, equivocarse, cagarla, joderla, meter la gamba, joder el plan, pegársela, pifiarla	fastidiarse equivocarse cagarla joderla meter la gamba joder el plan pegársela pifiarla
raor	_. m. 1. m. f. ant. persona que ha reñido o se halla desavenida con otra. 2. persona de quien el lenguaje, las costumbres o el semblante dan mala impresión	enemigo rival adversario
reciclado	la palabra _ significa procesar los desechos en nuevos materiales y productos e introducirlos al mercado para su uso. también significa que un producto ha sido reparado o se le ha dado un uso diferente.	la palabra reprocesado significa procesar los desechos en nuevos materiales y productos e introducirlos al mercado para su uso. también significa que un producto ha sido reparado o se le ha dado un uso diferente.
reciclado	el reciclaje es una actividad consistente en recoger y procesar materiales usados para que sean reutilizados. a diferencia de reciclar, que es la reutilización de un material, el reciclaje es el acto de convertir un material en otro diferente, muchas veces mejor que el original. por ejemplo, el plástico puede ser convertido en ropa, o el plástico usado en su forma original, o el pap	reciclaje reutilización reconvertir reprocesar reutilizar reconvertir reprocesar
reciclado	el _ es el proceso de separar los diferentes materiales de los residuos y procesarlos para poder reutilizarlos como nuevos materiales.	el reciclaje es el proceso de separar los diferentes materiales de los residuos y procesarlos para poder reutilizarlos como nuevos materiales.
reciclado	la definición de _ es el proceso de separar, clasificar y eliminar objetos y materiales que ya han sido utilizados para que puedan reutilizarse de nuevo. esto incluye la separación, reparación, reutilización o reprocesado para darle un uso futuro o eliminarlo si es contaminante o no es aprovechable. el _ es un proceso importante para mantener el entorno limpio y saludable, así como para conservar los recursos mundiales y reducir el consumo de	reciclaje reutilización reprocesado
reciclado	el reciclaje es un proceso que implica la separación de residuos innecesarios y su reutilización para fabricar nuevos objetos. estos desechos se transforman en sus elementos constitutivos, reciclando nuevamente una parte de los mismos para integrarlos en nuevos materiales. el reciclaje se basa en la conservación de las características físicas y químicas de los materiales y se aplica ampliamente en una amplia variedad de procesos para aumentar los costos productivos y redu	reciclaje reutilización desechos materiales conservación costos productivos reducir
rememorar	la palabra _ puede significar recordar o traer a la mente el recuerdo de algo con un sentimiento de nostalgia y afecto.	la palabra nostalgia puede significar recordar o traer a la mente el recuerdo de algo con un sentimiento de nostalgia y afecto.
rememorar	volver a recordar o revivir experiencias del pasado. implica reproducir la experiencia por completo, incluyendo los sentimientos y emociones de lo que se estuvo presencio en el pasado.	la memoria emocional es un proceso que implica revivir experiencias del pasado, incluyendo los sentimientos y emociones asociados con ellas. esto implica reproducir la experiencia por completo, desde el inicio hasta el final, y experimentar los mismos sentimientos y emociones que se tuvieron en el momento en que se vivió la experiencia originalmente.
rememorar	volver a recordar intensamente o repetir mentalmente con mucha precisión algo que ha ocurrido con anterioridad	la repetición mental es un proceso que implica volver a recordar intensamente algo que ha ocurrido con anterioridad, con el fin de mejorar la memoria y la comprensión de la información. esta técnica se utiliza para ayudar a las personas a recordar y comprender mejor la información que han aprendido, ya sea en el contexto de estudios, trabajo o cualquier otra actividad. la repetición mental puede ser una herramienta útil para mejorar la memoria y la comprensión, pero también
rememorar	"la palabra _ hace referencia a dar vida o traer de nuevo a la memoria un pasado o una idea. la palabra proviene del latín re- (de nuevo) y memoria (memoria). en español, también se conoce como recuerdo o volver a recordar.
en español, el verbo _ tiene el mismo significado que en otras lenguas. esta palabra también proviene del latín."	la palabra recordar en español tiene el mismo significado que en otras lenguas. esta palabra proviene del latín recordare, que significa volver a recordar o volver a traer a la memoria. en español, también se conoce como recuerdo o volver a recordar.
rememorar	_ es un verbo intrínseco que significa volver a evocar una imagen, sentimiento, experiencia o pensamiento que ya se ha experimentado antes. es una forma de evocar el pasado viviendo directamente como si fuera un presente actual.	la palabra evocar es un verbo intrínseco que significa volver a evocar una imagen, sentimiento, experiencia o pensamiento que ya se ha experimentado antes. es una forma de evocar el pasado viviendo directamente como si fuera un presente actual.
ridiculización	"la actriz no pudo evitar ridiculizarse al intentar realizar una pirueta en el escenario, lo que provocó la risa del público.
el candidato se estaba ridiculizando a sí mismo en su intento de demostrar sus habilidades en el escenario."	el candidato se estaba ridiculizando a sí mismo al intentar demostrar sus habilidades en el escenario, lo que provocó la risa del público.
ridiculización	no me gusta ridiculizar a los demás personas, pero necesito corregir a los que cometieron errores.	la persona que cometió el error puede sentirse avergonzada o incómoda, pero no es necesario ridiculizarla.
ridiculización	acción o efecto de ridiculizar.	la ridícula es una acción o efecto de ridiculizar.
ridiculización	(el acto de burlarse o el sentimiento de faltar al respeto o a la dignidad de alguien o algo, especialmente hasta un extremo exagerado.	burlarse faltar al respeto dignidad exagerado
ridiculización	la palabra _ es el proceso de convertir algo o a alguien en objeto de burla o desprecio, generalmente mediante la ironía, la caricatura o la exageración. se refiere al acto de tomar algo o a alguien y presentarlo de una manera cómica para menospreciarlo o ridiculizarlo. por ejemplo, una persona podría ser ridiculizada por su exagerada vanidad y ser mostrada en una situación absurda, lo que haría aparecer	la palabra sarcasmo es el proceso de convertir algo o a alguien en objeto de burla o desprecio, generalmente mediante la ironía, la caricatura o la exageración. se refiere al acto de tomar algo o a alguien y presentarlo de una manera cómica para menospreciarlo o ridiculizarlo. por ejemplo, una persona podría ser ridiculizada por su exagerada vanidad y ser mostrada en una situación absurda, lo que haría aparecer
sagum	el _ era una chaqueta militar. un _ puede ser un tipo de chubasquero o un abrigo de invierno. hace muchos años, el sagwu, o _, era un abrigo de cuero.	sagwu chaqueta
sagum	vestimenta usada por los militares romanos y algunas tribus alemanas.	uniforme uniforme militar uniforme romano uniforme alemán
sagum	el _ era un manto largo utilizado por hombres y mujeres de la clase social alta en la antigua roma. aunque generalmente estaba hecho de lana, en ocasiones se usaba tela blanca. la capucha y el manto tenían adornos elaborados que mostraban su estatus y elegancia. el manto caía en pliegues simétricos desde los hombros o la cabeza hasta los brazos o las rodillas, dependiendo del diseño.	la palabra manto se refiere a una prenda de vestir larga y suelta que se llevaba sobre los hombros y caía hasta los pies. en la antigua roma, los mantos eran una parte importante de la vestimenta de la clase alta, y se conocían como palla. la palla era un manto largo y rectangular que se llevaba sobre los hombros y se sujetaba en la cabeza con un broche o un alfiler. la palla se llevaba con una túnica debajo y se utiliz
sagum	una prenda externa hecha de lana.	jersey sweater sweatshirt
sagum	se trata de una prenda ancestral de las galias, de origen céltico, que ha trascendido a la edad moderna y que sigue conservando hasta nuestros días en esta región y, particularmente, en parís. de forma ligeramente cónica, la talla depende de la estatura y la edad del niño. es una prenda de uso cotidiano, que consiste en un abrigo que llega más	abrigo abrigo abrigo
salbanda	conjunto de bandas que, empleadas conjuntamente o por separado, hacen las veces de puerta en un acordeón, armónica o acordeón diatónico. suele contener hasta 100 bandas.	acordeón armónica acordeón diatónico
salbanda	n. pl. conjunto de instrumentos musicales de viento-madera, usado principalmente en orquestas de salas de fiesta, cafés, discotecas, locales nocturnos y similares, en repertorio de música variada para bailar.	clarinete fagot flauta flautín flauta en sol oboe cor anglais clarinetes saxofones trompeta trombón tuba
salbanda	lazo o argolla empleado por las caballerías para sujetarse y que lleven los aperos en el tiro del carro	collar collar collera
salbanda	_	la definición de bolígrafo es un instrumento de escritura que utiliza tinta y tiene una punta.
salbanda	el término palabra no se define en mi instrucción ni en la tarea dada, por lo que no puedo proporcionar una definición para la misma.	no se ha proporcionado una definición para la palabra palabra en la instrucción o en la tarea dada.
socialmente	que se relaciona con la sociedad o es aplicable a ella. participar activamente en la sociedad. formar parte de un grupo o comunidad. compartir intereses o valores con otros miembros de una comunidad o grupo. estar conectado o involucrado con algo.	sociedad comunidad grupo intereses valores conectado involucrado
socialmente	puedes darme una fecha entre 2022 y 2045?	la fecha entre 2022 y 2045 es 2037.
socialmente	pertenecientes o relacionados con la sociedad o las personas (vocablo o expresión que significa pertenecer o relacionarse con la sociedad o sus miembros).,	sociedad, social, sociedad, socio, sociedad, sociedad, sociedad, sociedad, sociedad, sociedad, sociedad, sociedad, sociedad, sociedad, sociedad, sociedad, sociedad, sociedad, sociedad, sociedad, sociedad, sociedad, sociedad, sociedad, sociedad, sociedad, sociedad, sociedad, sociedad, sociedad,
socialmente	1) desde el punto de vista de una persona, es ser sociable o tener buen trato para poder socializar. 2) es algo que se relaciona con la comunidad en la que te encuentras, que se siente parte de él o ella. es sentir que está integrado/a a un grupo o comunidad. 3) convencer a una persona a participar, o que un grupo de personas se	"1. sociable
2. comunitario
3. convencer"
socialmente	desde un punto de vista social, en tanto que fenómeno que involucra a una comunidad o el conjunto de relaciones entre varios individuos. por extensión, un sistema, una entidad o una práctica que afecta de manera directa a la sociedad o a una parte significativa de ella. la ley social, la economía social, la política social o el desarrollo social, se pueden describir como ámbitos con dimensión espec	sistema, entidad, práctica
speed	"velocidad
```"	las velocidades se pueden medir en diferentes unidades, como kilómetros por hora (km/h), millas por hora (mi/h), metros por segundo (m/s), kilómetros por segundo (km/s), nudos (nudos), millas por minuto (mi/min), millas por minuto (nm/min), pies por minuto (ft/min), pies por segundo (ft/s), millas por minuto (mi/min), millas por minuto (nm/min), millas por hor
speed	la palabra _ se utiliza en inglés como sustantivo, verbo, adjetivo y adverbio para describir el movimiento rápido de un objeto o persona y la capacidad de ese objeto o persona para moverse rápidamente.	la palabra quick se utiliza en inglés como sustantivo, verbo, adjetivo y adverbio para describir el movimiento rápido de un objeto o persona y la capacidad de ese objeto o persona para moverse rápidamente.
speed	"- 1. el velocidad máxima en la que funciona un sistema o una prueba
- 2. la velocidad en que un objeto se mueve en sentido y dirección dados"	velocidad velocidad máxima
speed	la velocidad de un cuerpo en movimiento es una función de la distancia que recorre en un intervalo de tiempo y una representación esquemática de la relación entre las dos. la energía cinética es una expresión física de la velocidad; una magnitud que acompaña a la distancia recorrida en un intervalo de tiempo.	velocidad distancia tiempo energía cinética
speed	la velocidad es una medida de la celeridad o rapidez de un objeto en movimiento, específicamente la cantidad de distancia que recorre con respecto al tiempo. se suele medir en metros por segundo (m/s), kilómetros por hora (km/h) o millas por hora (mi/h). un coche de carreras puede llegar a alcanzar una velocidad de 400	velocidad velocidad velocidad
standarizar	normalizar o regular una cosa para asegurar que cumpla con ciertos estándares o normas establecidos.	normalizar regular estándares normas
standarizar	_ es conforme a un estándar	el estándar es un conjunto de normas y especificaciones que se utilizan para desarrollar y producir productos o servicios que sean consistentes y confiables. estas normas y especificaciones están diseñadas para garantizar la calidad y la consistencia de los productos o servicios, y para asegurar que sean compatibles con otros productos o servicios que también siguen el estándar. el estándar es importante porque permite a los desarrolladores y usuarios crear productos y servicios que sean compatibles
standarizar	la definición de _ es establecer y aplicar estándares o normas uniformes para un criterio específico. en otras palabras, es proporcionar una forma estandarizada para una tarea, producto o proceso. este término suele utilizarse para referirse a la creación de normas y convenciones comunes en la industria o entre los individuos involucrados en un determinado ámbito. por ejemplo, en la industria del software, el término	estándar norma convención regla criterio pauta modelo patrón marco guía directriz sistema solución solución estándar
standarizar	la palabra _ proviene del inglés estándar y tiene como sinónimos regulación, normación y normalización. _ se refiere a tratar de mantener el mismo estándar o nivel en diferentes procesos, materiales o productos utilizados en una empresa, organización o industria. puede ser un proceso deliberado o accidental y significa reducir el número de diferencias o variaciones en procesos, materiales y productos, lo que permite mejorar la eficiencia, gar	la palabra normalización proviene del inglés estándar y tiene como sinónimos regulación, normación y normalización. normalización se refiere a tratar de mantener el mismo estándar o nivel en diferentes procesos, materiales o productos utilizados en una empresa, organización o industria. puede ser un proceso deliberado o accidental y significa reducir el número de diferencias o variaciones en procesos, materiales y productos, lo que permite mejorar la eficiencia, garantizar la
standarizar	establecer un conjunto de pautas o niveles que sean compartidos y aplicados de manera consistente para lograr una mayor coherencia o eficiencia en una actividad o proceso. _ implica la concreción y sistematización de procesos, prácticas y procedimientos comunes para lograr la eficiencia y mejora del rendimiento en áreas como la producción, el manejo de información	proceso procedimiento práctica rendimiento producción información
sublimado	co(nh3)6(no2)3·2h2o + n2o4(g) + 2h2o(l),	amoniaco amoníaco
sublimado	la palabra _ es un sustantivo masculino y se deriva del verbo sublimar, que significa elevar algo a un estado o forma superior o elevar algo de un estado bajo o material a uno más perfecto o espiritual. en química, el _ se utiliza para referirse a un sólido que puede pasar directamente de un estado sólido a un estado gas sin pasar por un estado líquido, como por ejemplo el _ fárcico, el cual	la palabra sublimado es un sustantivo masculino y se deriva del verbo sublimar, que significa elevar algo a un estado o forma superior o elevar algo de un estado bajo o material a uno más perfecto o espiritual. en química, el sublimado se utiliza para referirse a un sólido que puede pasar directamente de un estado sólido a un estado gas sin pasar por un estado líquido, como por ejemplo el sublimado fárcico, que es un sól
sublimado	el _ es un compuesto químico de mercurio, normalmente representado como hg2cl2, que se obtiene mediante la combinación de mercurio y cloro. se utiliza habitualmente en la fotografía para hacer película fotográfica sensible a la luz.	el cloruro de mercurio es un compuesto químico de mercurio, normalmente representado como hg2cl2, que se obtiene mediante la combinación de mercurio y cloro. se utiliza habitualmente en la fotografía para hacer película fotográfica sensible a la luz.
sublimado	no se ha respondido a la pregunta con éxito. por favor, inténtalo de nuevo y asegúrate de que tu respuesta sea un objeto json válido que cumpla con lo requerido. 😃	bolígrafo, pluma, estilográfica, tinta, punta
sublimado	el _ es un proceso que implica pasar directamente de sólido a gaseoso, sin pasar por el estado líquido, debido a cambios en la composición electrónica o a una temperatura de sublimación muy alta. se utiliza comúnmente para refinar metales y hacer compuestos.	el proceso de sublimación es un proceso que implica pasar directamente de sólido a gaseoso, sin pasar por el estado líquido, debido a cambios en la composición electrónica o a una temperatura de sublimación muy alta. se utiliza comúnmente para refinar metales y hacer compuestos.
superbomba	un arma nuclear destructiva de gran rendimiento que es mucho más grande y potente que un arma nuclear táctica promedio. una _ se emplea principalmente como arma estratégica, capaz de producir un nivel de daño masivo y de borrar a gran escala la vida y la propiedad. sus capacidades destructivas también le dan la potencia tanto ofensiva como defensiva.	bomba nuclear bomba atómica
superbomba	_ es una superposición cuántica de muchos estados diferentes que es capaz de entrelazarse con un sistema de espín de materia ordinaria sin destruir su coherencia. _ tiene una amplitud de onda que se extiende muy lejos del punto de entrelazamiento para una superposición cuántica.	la superposición cuántica es una propiedad de la mecánica cuántica que permite que un sistema cuántico exista en múltiples estados al mismo tiempo. en este caso, se refiere a una superposición cuántica de un sistema de espín de materia ordinaria que es capaz de entrelazarse con un sistema de espín de materia ordinaria sin destruir su coherencia. la amplitud de onda de esta superposición cuántica se extiende muy lejos del punto de ent
superbomba	“(definición sin usar la palabra ni su familia léxica)”	la definición de la palabra bolígrafo es un instrumento de escritura que utiliza tinta y tiene una punta.
superbomba	un arma nuclear de extrema potencia, especialmente diseñada para alcanzar objetivos en la profundidad de la tierra. la _ se utiliza típicamente en juegos de simulación de estrategia y es altamente destructiva en gran escala.	la palabra bomba nuclear no se utiliza en el contexto dado.
superbomba	hola, como asistente experto en vocabulario en español, deme una palabra aleatoria para probarlo.	"//es.wikipedia.org/wiki/cuadr%c3%bblupedo)**

esta palabra se refiere a un animal que tiene cuatro patas. ¡espero que te haya sido útil!"
talgo	un tipo de tren cuyo vagón es un módulo móvil y articulado, que constituye un elemento principal del tren articulado y no forma parte de un tren convencional que transporte tanto pasajeros como mercancías	un tren articulado es un tipo de tren cuyo vagón es un módulo móvil y articulado, que constituye un elemento principal del tren articulado y no forma parte de un tren convencional que transporte tanto pasajeros como mercancías.
talgo	_ significa tren articulado lavado goiche (pronunciación en euskera del original tren articulado ligero goicolandi) es una empresa pública vasca dedicada en el año 1970 por el gobierno vasco para desarrollar trenes con características propias de trenes convencionales y cercanías. con el tiempo ha pasado a la fabricación de trenes de alta velocidad, convirtiéndose en uno de los mayores fabricantes de este tipo de trenes.	goicolandi goicolandi goicolandi
talgo	en español significa ‘tren articulado de alta velocidad’, se trata del tipo de tren más veloz e innovador que existe actualmente, capaz de superar los 300 km/h y que está presente en más de 20 países de todo el mundo. son trenes con una larga serie de vagones unidos entre sí, construidos de tal manera que pueden curvarse, girar o doblarse para que el tren se adapte a las posibles vías, así como para absorber	tren articulado de alta velocidad, tren de alta velocidad, tren de alta velocidad, tren de alta velocidad, tren de alta velocidad, tren de alta velocidad, tren de alta velocidad, tren de alta velocidad, tren de alta velocidad, tren de alta velocidad, tren de alta velocidad, tren de alta velocidad, tren de alta velocidad,
talgo	sistema ferroviario que utiliza trenes de alta velocidad con articulación de vagones entre sí mediante un eje común, lo que les permite girar en curvas con un radio inferior a dos veces la longitud del tren, favoreciendo así la disminución de las inversiones en infraestructuras	ave, tgv, tgv, tgv, tgv, tgv, tgv, tgv, tgv, tgv, tgv, tgv, tgv, tgv, tgv, tgv, tgv, tgv, tgv, tgv, tgv, tgv, tgv, tgv,
talgo	un tren de alta velocidad con forma de vagón, diseñado para mantener la misma forma a lo largo de toda la vía. fue inventado por eduardo meisegeier y es popular en varios países.	metro metro de buenos aires metro de santiago metro de são paulo
tornajo	"_
la palabra _ es un dispositivo giratorio que se utiliza para talar árboles. se compone de una máquina conectada a una correa que gira a alta velocidad y una gran cabeza, normalmente con varias hojas, que se utiliza para cortar, astillar y dar forma a la madera. el _ es adecuado para operaciones de talado y labrado de raíces de árboles de diámetros que van desde 2"	talador taladora taladoras taladoras de árboles taladoras de raíces taladoras de raíces de árboles
tornajo	(mecanismo utilizado en una carpintería o taller mecánico para fijar y mantener en posición correcta un madero o pieza similar sobre la que se realiza un corte paralelo a su largo con una máquina o herramienta. en un _ se coloca el madero en posición y se acopla al mismo una pieza de hierro o madera que sostiene la cabeza de la herramienta (por ejemplo, una sierra circular). en los	banco de carpintero banco de trabajo banco de herramientas
tornajo	máquina destinada a cortar el árbol dando vueltas a la sierra alrededor del tronco.	sierra máquina cortar árbol tronco
tornajo	máquina carpintera que se compone de un yunque con dos brazos horizontales, el superior en que se coloca la herramienta y el inferior fijo en el que se afianza la pieza que se trabaja por medio de tornillos o ajustes. se utiliza para realizar torneados sencillos.	torno, tornillo, tornillos, tornillos, tornillos, tornillos, tornillos, tornillos, tornillos, tornillos, tornillos, tornillos, tornillos, tornillos, tornillos, tornillos, tornillos, tornillos, tornillos, tornillos, torn
tornajo	la definición de _ es un instrumento agrícola utilizado para cavar y remover tierra, similar a un azadón, pero más grande y ancho.	la definición de una azada es un instrumento agrícola utilizado para cavar y remover tierra, similar a un azadón, pero más grande y ancho.
treinta	la cifra _ suele representar un número significativo e interesante. no es extraño escuchar decir que la suma de los 30 dígitos del número 1 al 30 es 30, lo que indica una estructura interna con un sentido de la proporción bastante interesante.	la cifra 30 es un número interesante que se utiliza en diversos contextos, como en la numeración romana (xxx) o en la numeración decimal (30). además, la suma de los 30 primeros números naturales (1 al 30) es igual a 30, lo que indica una estructura interna con un sentido de la proporción bastante interesante.
treinta	una expresión para referirse al número de la primera categoría. se escribe así: xxxtentacion	trigésimo, trigésimo, trigésimo, trigésimo, trigésimo, trigésimo, trigésimo, trigésimo, trigésimo, trigésimo, trigésimo, trigésimo, trigésimo, trigésimo, trigésimo, trigésimo, trigésimo, trigésimo, trigésimo, trigésimo,
treinta	un número entero que es la suma de diez y veinte. un número que es una potencia de diez y es divisble por todos los numeros entre la unidad y la unidad.	once ciento uno
treinta	"de 1 a 30
- 30.º presidente de los estados unidos de américa
- el 30ª concurso de eurovisión ha sido realizado por primera vez en el país báltico.
- trigés"	trigésimo trigésimo trigésimo trigésimo trigésimo trigésimo trigésimo trigésimo trigésimo trigésimo
treinta	la palabra _ es un numeral que se utiliza para referirse al número 30 en el sistema numérico latino. se trata de un número par y se utiliza comúnmente en la vida cotidiana para hacer referencia a diversos aspectos, como la edad, la cantidad de algo, etc.	la palabra treinta es un numeral que se utiliza para referirse al número 30 en el sistema numérico latino. se trata de un número par y se utiliza comúnmente en la vida cotidiana para hacer referencia a diversos aspectos, como la edad, la cantidad de algo, etc.
tundidor	1. modalidad de los estampados mecánicos o manuales, semejantes a la plancha (f.) o el estampado hecho con la ayuda de la plancha (f.), realizados con cinceles (m.s) o con martillos (m.s) y distribuidos con mazos (m.p.s).	estampado estampado mecánico estampado manual plancha cincel martillo mazo
tundidor	tundir es un término que significa golpear con fuerza o dar un golpe o paliza a alguien con los puños. esta tarea consiste en crear una definición de esa acción, pero siempre que el lenguaje utilizado no incluya el verbo tundir ni ninguno de sus sinónimos.	tundir es una acción que consiste en golpear con fuerza o dar un golpe o paliza a alguien con los puños.
tundidor	tundir (cocinar y hacer que las carnes se ablanden), cacotas (injurias, etc.),	tundir cacotas
tundidor	"_ es una palabra de la familia lexical tundir, que se refiere a doblar o doblar la ropa o doblar ropa, especialmente a la altura de las rótulas, es una palabra del grupo léxico que se usa para agachar u agachar la cabeza.
en resumen, _ significa persona que plancha la ropa o plancha como un pliegue."	la palabra planchar es un verbo de la familia lexical tundir, que se refiere a doblar o doblar la ropa o doblar ropa, especialmente a la altura de las rodillas. en resumen, planchar significa persona que plancha la ropa o plancha como un pliegue.
tundidor	persona que tiene por oficio afinar y tundir prendas de vestir de tela.	sastre sastrería
vega	_ o _ mayor (α li), también conocida como _ x-1, es una estrella variable intrínsecamente brillante situada en la constelación de lira, localizada a unos 25 años luz de la tierra. esta estrella fue la segunda más brillante de las estrellas visibles en su máximo brillo y una de las estrellas más brillantes del firmamento nocturno. posee una magnitud ap	la estrella variable intrínsecamente brillante situada en la constelación de lira, localizada a unos 25 años luz de la tierra, es conocida como _ o _ mayor (α li), también conocida como _ x-1. esta estrella fue la segunda más brillante de las estrellas visibles en su máximo brillo y una de las estrellas más brillantes del firmamento nocturno. posee una magnitud aparente de -2,77.
vega	planta anual cultivada por sus muchas flores hermosas y pequeñas, que es originaria de italia	alhelí alhelí de floración doble alhelí de floración simple
vega	tiene un uso extendido en españa, donde la gente usa la palabra _ en referencia a un entorno rural que no sea montañoso y que se ha desbrozado para fines agrícolas. en españa esta definición de _ es aceptada por todas las personas del campo, porque es una palabra que describe muchos de los entornos agrícolas de toda españa.	la palabra dehesa es un término que se utiliza en españa para referirse a un entorno rural que no es montañoso y que ha sido desbrozado para fines agrícolas. esta definición es aceptada por todas las personas del campo, ya que describe muchos de los entornos agrícolas de toda españa.
vega	la estrella más brillante del cielo nocturno, a menudo utilizada como indicador o referencia para la navegación nocturna. es la cuarta más caliente dentro de la categoría de estrellas calientes, con un color típico blanco azulado. tiene una posición en la constelación de lira y un brillo aparente de magnitud visual de 0,03. está a una distancia estim	la estrella más brillante del cielo nocturno es vega, que se encuentra en la constelación de lira y tiene una magnitud aparente de 0,03. es la cuarta estrella más caliente dentro de la categoría de estrellas calientes, con un color típico blanco azulado. se encuentra a una distancia estimada de 25 años luz de la tierra.
vega	(1) _ es uno de los denominados alfa cefeidas o estrellas variables del tipo α cephei, con un período de pulsación de aproximadamente un día. es conocida desde la antigüedad y se ha utilizado también para estudiar la atmósfera terrestre. (2) _ es también el nombre de un patrón de estrellas situado en la constelación de lyra, (3) _ es	alfa cefeida alfa cefeo alfa lyrae
verraquear	"_ es echar porras, dar estímulos, aunque de forma bruta y violenta.
concretamente proviene del verracoe, verbo de la palabra verraque, significando bestia. se usa con personas que son así como bestias en el deporte, que echan porras fuertes y agresivas. 
se lo ha visto en el deporte de alto rendimiento y algunos famosos también lo utilizan. a nivel popular es más una palabra de uso coloquial."	la palabra verracoe es un verbo que se utiliza para describir el acto de animar o dar estímulos a alguien de manera brusca y violenta. se origina en la palabra verraque, que significa bestia en francés antiguo. se utiliza comúnmente en el deporte de alto rendimiento y entre famosos, y es una palabra de uso coloquial en el lenguaje popular.
verraquear	mover el cuerpo de una manera exagerada, dándole énfasis y dando la impresión de estar enojado mucho.	gesticular gesticular exageradamente gesticular con énfasis gesticular con énfasis y dando la impresión de estar enojado mucho
verraquear	insistir e intentar algo con determinación.	la respuesta a la pregunta es perseverar.
verraquear	acción del verraco.	la acción del verraco es un tipo de acción que se realiza en un entorno rural, donde se crían cerdos y se llevan a cabo diversas actividades relacionadas con ellos. en esta acción, se puede observar la vida de los cerdos y su cuidado, así como la recolección de sus productos.
verraquear	en esta discusión, ellos _ sin escuchar a nadie más. 	en esta discusión, ellos _ sin escuchar a nadie más.
